group,field,unit,previous_run,current_run,previous_n,current_n,previous_mean,current_mean,mean_delta_ms,previous_p95,current_p95,subgroup_causal_pair
all,arrival_release_lateness_ms,ms,D182,D185,4000,4000,326.5337931077811,342.6586773046147,16.12488419683359,1650.898383173626,1692.086039984133,False
all,dispatch_window_wait_ms,ms,D182,D185,4000,4000,299.4778963699209,273.5493153789721,-25.92858099094883,2142.456242989283,1787.4421189771965,False
all,runtime_slot_wait_ms,ms,D182,D185,4000,4000,1109.2561123848864,1095.0934905943286,-14.16262179055775,3281.4576479722746,3284.4198439852335,False
all,recorded_routing_ms,ms,D182,D185,4000,4000,582.82124225175,620.80775486475,37.986512612999945,1983.562404,2120.1225780000004,False
all,runtime_wait_outside_recorded_routing_ms,ms,D182,D185,4000,4000,526.4348701331363,474.2857357295786,-52.149134403557696,2091.769674033546,1915.4130029824905,False
all,dispatch_admission_wait_ms,ms,D182,D185,4000,4000,1735.2678018625884,1711.3014832779154,-23.96631858467299,4443.981911230367,4130.847607913893,False
all,source_to_generation_handoff_ms,ms,D182,D185,4000,4000,583.6963182047039,601.9337472936313,18.237429088927456,2442.768946988508,2573.787928035017,False
all,generation_handoff_to_native_ms,ms,D182,D185,4000,4000,70.60745789360953,74.60458361102792,3.9971257174183847,391.4648659992963,402.9969180119224,False
all,overall_ttft_ms,ms,D182,D185,4000,4000,2730.1940070074197,2730.9611917917355,0.7671847843157593,6375.893346092198,5987.516758963466,False
all,offered_to_task_ms,ms,D182,D185,4000,4000,1.8612646177934948,1.867160230394802,0.005895612601307221,4.37029852764681,4.395154188387096,False
all,task_to_client_submit_ms,ms,D182,D185,4000,4000,0.6831154172250535,0.8032171803788515,0.12010176315379795,0.32740499591454864,0.31403597677126527,False
all,client_submit_to_server_receive_ms,ms,D182,D185,4000,4000,323.98941307276255,339.98829989384103,15.998886821078486,1646.8364769825712,1691.5135299786925,False
all,server_receive_to_service_dequeue_ms,ms,D182,D185,4000,4000,48.332425405082176,43.48568388368585,-4.846741521396325,158.56777504086494,146.0253510158509,False
gpu,arrival_release_lateness_ms,ms,D182,D185,1300,1266,323.5972331399367,350.7257599366949,27.128526796758194,1549.4380641612224,1655.478177999612,False
gpu,dispatch_window_wait_ms,ms,D182,D185,1300,1266,199.37696596016534,211.71444008212558,12.337474121960241,842.7176550030708,1366.1947210202925,False
gpu,runtime_slot_wait_ms,ms,D182,D185,1300,1266,1254.938232370903,1219.170258540245,-35.76797383065809,3537.6632919651456,3367.9448310285807,False
gpu,recorded_routing_ms,ms,D182,D185,1300,1266,587.8423066192307,630.9147600900474,43.07245347081664,2030.458346,2311.546786,False
gpu,runtime_wait_outside_recorded_routing_ms,ms,D182,D185,1300,1266,667.0959257516722,588.2554984501975,-78.84042730147473,2418.9843149727694,2003.901396004624,False
gpu,dispatch_admission_wait_ms,ms,D182,D185,1300,1266,1777.912431471005,1781.6104585590654,3.698027088060371,4443.981911230367,4067.1351923956536,False
gpu,source_to_generation_handoff_ms,ms,D182,D185,1300,1266,1.2668974994448945,1.2356757484655974,-0.031221750979297136,1.7598370322957635,1.7394699971191585,False
gpu,generation_handoff_to_native_ms,ms,D182,D185,1300,1266,96.30450274222173,103.1495735108467,6.845070768624964,428.5615080152638,425.7868510321714,False
gpu,overall_ttft_ms,ms,D182,D185,1300,1266,2220.5950958386975,2242.5834703963365,21.988374557638963,4914.622014213819,4701.677913137246,False
gpu,offered_to_task_ms,ms,D182,D185,1300,1266,1.8004564410791948,1.7416556492226425,-0.05880079185655229,4.266605421435088,4.181659722235054,False
gpu,task_to_client_submit_ms,ms,D182,D185,1300,1266,0.6519168745189046,0.8248508996407444,0.17293402512183986,0.3249970031902194,0.31217001378536224,False
gpu,client_submit_to_server_receive_ms,ms,D182,D185,1300,1266,321.1448598243386,348.1592533878315,27.014393563492888,1540.2181879617274,1653.5634159808978,False
gpu,server_receive_to_service_dequeue_ms,ms,D182,D185,1300,1266,44.23597559820897,40.795062644069496,-3.4409129541394705,194.51463501900434,159.32035900186747,False
host,arrival_release_lateness_ms,ms,D182,D185,1746,1730,322.6095982103151,331.18866302296414,8.579064812649051,1669.6690018870868,1670.3702441300265,False
host,dispatch_window_wait_ms,ms,D182,D185,1746,1730,322.3528414822991,262.75848466028174,-59.594356822017346,2329.9374480266124,1795.9197940072045,False
host,runtime_slot_wait_ms,ms,D182,D185,1746,1730,1048.1094726052493,1040.0759833494424,-8.033489255806899,3179.95213001268,3237.8502530045807,False
host,recorded_routing_ms,ms,D182,D185,1746,1730,588.8571603424971,617.9962129872832,29.139052644786148,1928.071633,2056.691552,False
host,runtime_wait_outside_recorded_routing_ms,ms,D182,D185,1746,1730,459.25231226275224,422.07977036215925,-37.17254190059299,2045.2358970129337,1901.7021329712684,False
host,dispatch_admission_wait_ms,ms,D182,D185,1746,1730,1693.0719122978635,1634.0231310326883,-59.048781265175194,4320.740164257586,4073.943270370364,False
host,source_to_generation_handoff_ms,ms,D182,D185,1746,1730,618.3260613610023,601.9258646881261,-16.400196672876177,2184.6334129804745,2062.6096180058084,False
host,generation_handoff_to_native_ms,ms,D182,D185,1746,1730,52.04765247381751,53.856934163069376,1.8092816892518684,198.05182999698445,214.90608097519726,False
host,overall_ttft_ms,ms,D182,D185,1746,1730,2712.102728282429,2638.793474542767,-73.30925373966193,5945.991791551933,5565.247839549556,False
host,offered_to_task_ms,ms,D182,D185,1746,1730,1.7902807784701493,1.8742107638195589,0.08392998534940954,4.326634632889181,4.602200700901449,False
host,task_to_client_submit_ms,ms,D182,D185,1746,1730,0.49473523293122573,0.8746895762806425,0.37995434334941675,0.3287149593234062,0.31369103817269206,False
host,client_submit_to_server_receive_ms,ms,D182,D185,1746,1730,320.32458219891373,328.43976268286394,8.115180483950212,1664.8266289848834,1669.7647599503398,False
host,server_receive_to_service_dequeue_ms,ms,D182,D185,1746,1730,39.9424067254294,36.822982740889955,-3.119423984539445,156.1992570059374,148.02077400963753,False
nvme,arrival_release_lateness_ms,ms,D182,D185,818,868,316.1614324199036,345.0423661572617,28.880933737358134,1771.7746598646045,1739.8906316957437,False
nvme,dispatch_window_wait_ms,ms,D182,D185,818,868,325.79858718761005,301.0680537308327,-24.73053345677738,2412.16779203387,2012.3216020292602,False
nvme,runtime_slot_wait_ms,ms,D182,D185,818,868,1062.7193621401464,1074.480487028494,11.761124888347695,3123.586790985428,3294.9678439763375,False
nvme,recorded_routing_ms,ms,D182,D185,818,868,577.8372339535453,635.722914937788,57.885680984242754,2023.3668519999999,2009.0519920000002,False
nvme,runtime_wait_outside_recorded_routing_ms,ms,D182,D185,818,868,484.8821281866012,438.7575720907061,-46.124556095895116,2001.8155959701558,1960.1676700207663,False
nvme,dispatch_admission_wait_ms,ms,D182,D185,818,868,1704.67938174766,1720.5909069165887,15.91152516892862,4454.9642850179225,4191.293719864916,False
nvme,source_to_generation_handoff_ms,ms,D182,D185,818,868,853.5932921934708,930.2989793830731,76.70568718960226,2384.584045037627,2702.948454010766,False
nvme,generation_handoff_to_native_ms,ms,D182,D185,818,868,69.24392179128301,75.06267001125737,5.818748219974353,405.83535097539425,416.11445596208796,False
nvme,overall_ttft_ms,ms,D182,D185,818,868,2948.6582611560393,3043.8601668119513,95.20190565591201,6491.582732065581,6326.994231378194,False
nvme,offered_to_task_ms,ms,D182,D185,818,868,1.990773316520018,1.9311014704877287,-0.059671846032289366,4.510479862801731,4.239934380166233,False
nvme,task_to_client_submit_ms,ms,D182,D185,818,868,1.129401107173536,0.6677550572176648,-0.4616460499558711,0.3242770326323807,0.3173110308125615,False
nvme,client_submit_to_server_receive_ms,ms,D182,D185,818,868,313.04125799621005,342.44350962955633,29.402251633346282,1769.8985559982248,1736.3983339746483,False
nvme,server_receive_to_service_dequeue_ms,ms,D182,D185,818,868,45.199019510983796,36.984226010884115,-8.214793500099681,164.1868599690497,141.1117950337939,False
remote,arrival_release_lateness_ms,ms,D182,D185,136,136,467.3702879008488,398.25541385567595,-69.11487404517283,1646.6830789577216,1800.8335580234416,False
remote,dispatch_window_wait_ms,ms,D182,D185,136,136,804.3398837052176,810.7906711122589,6.450787407041275,6077.657726011239,6827.433483966161,False
remote,runtime_slot_wait_ms,ms,D182,D185,136,136,781.6262504262234,771.4992730154122,-10.12697741081115,2827.7296500164084,2914.5084519986995,False
remote,recorded_routing_ms,ms,D182,D185,136,136,487.3125813970588,467.29407758088234,-20.018503816176462,1749.008955,1703.952549,False
remote,runtime_wait_outside_recorded_routing_ms,ms,D182,D185,136,136,294.3136690291645,304.2051954345298,9.891526405365312,1129.1528469825203,1512.1692670232114,False
remote,dispatch_admission_wait_ms,ms,D182,D185,136,136,2053.3364220322896,1980.545357983347,-72.79106404894264,8482.388779579196,9717.7597588161,False
remote,source_to_generation_handoff_ms,ms,D182,D185,136,136,4083.1006611688817,4098.083556338251,14.98289516936893,7447.331355011556,7391.045305004809,False
remote,generation_handoff_to_native_ms,ms,D182,D185,136,136,71.45035856613985,69.88294637866441,-1.5674121874754405,399.4814609759487,420.92613503336906,False
remote,overall_ttft_ms,ms,D182,D185,136,136,6519.621928180962,6452.579102157495,-67.04282602346666,11773.205176577903,13219.250598573126,False
remote,offered_to_task_ms,ms,D182,D185,136,136,2.574869747417431,2.5376777343541,-0.037192013063330975,5.010126857087016,4.701941157691181,False
remote,task_to_client_submit_ms,ms,D182,D185,136,136,0.7155287474982769,0.5572288672042572,-0.15829988029401965,0.3745380090549588,0.3246369888074696,False
remote,client_submit_to_server_receive_ms,ms,D182,D185,136,136,464.07988940593305,395.1605072541176,-68.91938215181546,1644.1876459866762,1799.34907797724,False
remote,server_receive_to_service_dequeue_ms,ms,D182,D185,136,136,214.04921500053365,194.78027873650288,-19.26893626403077,99.90690200356767,76.23432599939406,False
