tensor,source_tensors,offset,bytes,shape,native_sha256,reference_fp16_sha256,exact
"model.embed_tokens.weight","[""model.embed_tokens.weight""]","0","788004864","[128256,3072]","3108f17714b17ea1bd0a63ba24cdbf9aa67bd41ccfed20e486bad840e7446ba0","3108f17714b17ea1bd0a63ba24cdbf9aa67bd41ccfed20e486bad840e7446ba0","true"
"model.layers.0.self_attn.qkv_proj.weight","[""model.layers.0.self_attn.q_proj.weight"",""model.layers.0.self_attn.k_proj.weight"",""model.layers.0.self_attn.v_proj.weight""]","788004864","31457280","[5120,3072]","7a6ef4cae2ca736e55be9eed32ed563f24680df90e19eceb0b9243ddf06abeb6","7a6ef4cae2ca736e55be9eed32ed563f24680df90e19eceb0b9243ddf06abeb6","true"
"model.layers.0.self_attn.o_proj.weight","[""model.layers.0.self_attn.o_proj.weight""]","819462144","18874368","[3072,3072]","0b4d6999513604cdb95e19f3d04d63befe0acfb2849f8d37c959d6ca470554b9","0b4d6999513604cdb95e19f3d04d63befe0acfb2849f8d37c959d6ca470554b9","true"
"model.layers.0.mlp.gate_up_proj.weight","[""model.layers.0.mlp.gate_proj.weight"",""model.layers.0.mlp.up_proj.weight""]","838336512","100663296","[16384,3072]","d4352a12dda320490149c3a6d898977f31c2eca88a6a2198f1deb125b2a99b87","d4352a12dda320490149c3a6d898977f31c2eca88a6a2198f1deb125b2a99b87","true"
"model.layers.0.mlp.down_proj.weight","[""model.layers.0.mlp.down_proj.weight""]","938999808","50331648","[3072,8192]","5c36ad9d7e1bdd4cee895e483ee7d9e271438806bbaf289ddc4a2b9b133d5127","5c36ad9d7e1bdd4cee895e483ee7d9e271438806bbaf289ddc4a2b9b133d5127","true"
"model.layers.0.input_layernorm.weight","[""model.layers.0.input_layernorm.weight""]","989331456","6144","[3072]","ae0671d8252470d4c99b538827e7151eacba0cb273414965ba25699732cd957f","ae0671d8252470d4c99b538827e7151eacba0cb273414965ba25699732cd957f","true"
"model.layers.0.post_attention_layernorm.weight","[""model.layers.0.post_attention_layernorm.weight""]","989337600","6144","[3072]","60d49848a21d3d39a5bf67ae3972772b71b82f2ea386ddec879df0433cadaf39","60d49848a21d3d39a5bf67ae3972772b71b82f2ea386ddec879df0433cadaf39","true"
"model.layers.1.self_attn.qkv_proj.weight","[""model.layers.1.self_attn.q_proj.weight"",""model.layers.1.self_attn.k_proj.weight"",""model.layers.1.self_attn.v_proj.weight""]","989343744","31457280","[5120,3072]","ed3bd66ff546f2a5fb5f24e6038bb8a4f8975f71763cf281e4d768ed9ed5f0f3","ed3bd66ff546f2a5fb5f24e6038bb8a4f8975f71763cf281e4d768ed9ed5f0f3","true"
"model.layers.1.self_attn.o_proj.weight","[""model.layers.1.self_attn.o_proj.weight""]","1020801024","18874368","[3072,3072]","3821fd5d177702315d7ae7695bcd84b8d978b53e6a7b7b8eac5a8ec32ec085fe","3821fd5d177702315d7ae7695bcd84b8d978b53e6a7b7b8eac5a8ec32ec085fe","true"
"model.layers.1.mlp.gate_up_proj.weight","[""model.layers.1.mlp.gate_proj.weight"",""model.layers.1.mlp.up_proj.weight""]","1039675392","100663296","[16384,3072]","d722f3d36b33fa361768935cdca37d5320d50ec655385287ccf1d9153b1f226d","d722f3d36b33fa361768935cdca37d5320d50ec655385287ccf1d9153b1f226d","true"
"model.layers.1.mlp.down_proj.weight","[""model.layers.1.mlp.down_proj.weight""]","1140338688","50331648","[3072,8192]","96c48f7f16d264fa6c80790fc354a6b42ed20c51a0b8aa5b598c654d1c3c2def","96c48f7f16d264fa6c80790fc354a6b42ed20c51a0b8aa5b598c654d1c3c2def","true"
"model.layers.1.input_layernorm.weight","[""model.layers.1.input_layernorm.weight""]","1190670336","6144","[3072]","1b1c86ec2d9ff3bc10a3f14b59f7eba2005168f940df263dbf7defb7bb0273e0","1b1c86ec2d9ff3bc10a3f14b59f7eba2005168f940df263dbf7defb7bb0273e0","true"
"model.layers.1.post_attention_layernorm.weight","[""model.layers.1.post_attention_layernorm.weight""]","1190676480","6144","[3072]","6899facb5afd18dddfb96f9782657205edd545ca3d3868f51c88ac659e64cab8","6899facb5afd18dddfb96f9782657205edd545ca3d3868f51c88ac659e64cab8","true"
"model.layers.2.self_attn.qkv_proj.weight","[""model.layers.2.self_attn.q_proj.weight"",""model.layers.2.self_attn.k_proj.weight"",""model.layers.2.self_attn.v_proj.weight""]","1190682624","31457280","[5120,3072]","b31afc92bac7b6f6d862e1fca7d0aa2a845c2354e768c38eae042e4dc3930c7d","b31afc92bac7b6f6d862e1fca7d0aa2a845c2354e768c38eae042e4dc3930c7d","true"
"model.layers.2.self_attn.o_proj.weight","[""model.layers.2.self_attn.o_proj.weight""]","1222139904","18874368","[3072,3072]","5dd14e6c71a15ffac35e6308b4c0a1aa7cac024795b0567c38da299264b9faa3","5dd14e6c71a15ffac35e6308b4c0a1aa7cac024795b0567c38da299264b9faa3","true"
"model.layers.2.mlp.gate_up_proj.weight","[""model.layers.2.mlp.gate_proj.weight"",""model.layers.2.mlp.up_proj.weight""]","1241014272","100663296","[16384,3072]","755dc0ee376cd5990fb673c6963d7a00b6adb0cb1997d6209780c36c593310ba","755dc0ee376cd5990fb673c6963d7a00b6adb0cb1997d6209780c36c593310ba","true"
"model.layers.2.mlp.down_proj.weight","[""model.layers.2.mlp.down_proj.weight""]","1341677568","50331648","[3072,8192]","ca949ce04779ed9f162d1be402545c0d8e707f0a73b6a158b51491f1ad6ff40f","ca949ce04779ed9f162d1be402545c0d8e707f0a73b6a158b51491f1ad6ff40f","true"
"model.layers.2.input_layernorm.weight","[""model.layers.2.input_layernorm.weight""]","1392009216","6144","[3072]","e9051ce58a9a2d8a2a513ffc3838defa4e54fd2b5f1a789d7aeddfeb3ebfa5e4","e9051ce58a9a2d8a2a513ffc3838defa4e54fd2b5f1a789d7aeddfeb3ebfa5e4","true"
"model.layers.2.post_attention_layernorm.weight","[""model.layers.2.post_attention_layernorm.weight""]","1392015360","6144","[3072]","db048cc23cd5770684948042ab99006d0ec450f739e9e29ddce5e753c8fa3310","db048cc23cd5770684948042ab99006d0ec450f739e9e29ddce5e753c8fa3310","true"
"model.layers.3.self_attn.qkv_proj.weight","[""model.layers.3.self_attn.q_proj.weight"",""model.layers.3.self_attn.k_proj.weight"",""model.layers.3.self_attn.v_proj.weight""]","1392021504","31457280","[5120,3072]","ad8cd21e268e57a5d7168c00afa04b40d7b8976044d2c0156d6841752b00191b","ad8cd21e268e57a5d7168c00afa04b40d7b8976044d2c0156d6841752b00191b","true"
"model.layers.3.self_attn.o_proj.weight","[""model.layers.3.self_attn.o_proj.weight""]","1423478784","18874368","[3072,3072]","5090700d682d88dec27d3c7fd65d6c2d04774a7409295b9c6a4107542b613908","5090700d682d88dec27d3c7fd65d6c2d04774a7409295b9c6a4107542b613908","true"
"model.layers.3.mlp.gate_up_proj.weight","[""model.layers.3.mlp.gate_proj.weight"",""model.layers.3.mlp.up_proj.weight""]","1442353152","100663296","[16384,3072]","f14a27347d5c593add271dc1a99eb1dc2431ee738d7d357d70c3ac69bec5e7c4","f14a27347d5c593add271dc1a99eb1dc2431ee738d7d357d70c3ac69bec5e7c4","true"
"model.layers.3.mlp.down_proj.weight","[""model.layers.3.mlp.down_proj.weight""]","1543016448","50331648","[3072,8192]","b65219e136b6db881358663b8b975ef7ad1a5fca20b8868d262c9a88f363b7eb","b65219e136b6db881358663b8b975ef7ad1a5fca20b8868d262c9a88f363b7eb","true"
"model.layers.3.input_layernorm.weight","[""model.layers.3.input_layernorm.weight""]","1593348096","6144","[3072]","655572f9b82a41419ac339a776b6c05990722cf110add4dd5b14829e1e6e7392","655572f9b82a41419ac339a776b6c05990722cf110add4dd5b14829e1e6e7392","true"
"model.layers.3.post_attention_layernorm.weight","[""model.layers.3.post_attention_layernorm.weight""]","1593354240","6144","[3072]","3449cd45ee4cf21e2f00a19d564a5e1f86187da6eb1f5fb8c0bff74d48a713ea","3449cd45ee4cf21e2f00a19d564a5e1f86187da6eb1f5fb8c0bff74d48a713ea","true"
"model.layers.4.self_attn.qkv_proj.weight","[""model.layers.4.self_attn.q_proj.weight"",""model.layers.4.self_attn.k_proj.weight"",""model.layers.4.self_attn.v_proj.weight""]","1593360384","31457280","[5120,3072]","f30c886494398d8a81d4c6fe83a6118a7062b2c449a08ccbf3c261a12ed1f953","f30c886494398d8a81d4c6fe83a6118a7062b2c449a08ccbf3c261a12ed1f953","true"
"model.layers.4.self_attn.o_proj.weight","[""model.layers.4.self_attn.o_proj.weight""]","1624817664","18874368","[3072,3072]","9a3f4c652081de6c2503cf50345415ea0686a85337e92c25d02811354fd66691","9a3f4c652081de6c2503cf50345415ea0686a85337e92c25d02811354fd66691","true"
"model.layers.4.mlp.gate_up_proj.weight","[""model.layers.4.mlp.gate_proj.weight"",""model.layers.4.mlp.up_proj.weight""]","1643692032","100663296","[16384,3072]","27471366e24d39b40acc85bde9fb1a38b47a3501b90031f8d9f02a8610939b94","27471366e24d39b40acc85bde9fb1a38b47a3501b90031f8d9f02a8610939b94","true"
"model.layers.4.mlp.down_proj.weight","[""model.layers.4.mlp.down_proj.weight""]","1744355328","50331648","[3072,8192]","d056135c8fb3b68c0144c6560b36b4a4e72f78b63e675a0f6390ef079d4dd089","d056135c8fb3b68c0144c6560b36b4a4e72f78b63e675a0f6390ef079d4dd089","true"
"model.layers.4.input_layernorm.weight","[""model.layers.4.input_layernorm.weight""]","1794686976","6144","[3072]","39bb113d58bb1103579489e48cd04aaa49c5d81506a505840996b1bd73d2ec52","39bb113d58bb1103579489e48cd04aaa49c5d81506a505840996b1bd73d2ec52","true"
"model.layers.4.post_attention_layernorm.weight","[""model.layers.4.post_attention_layernorm.weight""]","1794693120","6144","[3072]","7da4b8cf034537d4d008add2dbbcb82ee9b8bc82e53223321ec24b6e27698a55","7da4b8cf034537d4d008add2dbbcb82ee9b8bc82e53223321ec24b6e27698a55","true"
"model.layers.5.self_attn.qkv_proj.weight","[""model.layers.5.self_attn.q_proj.weight"",""model.layers.5.self_attn.k_proj.weight"",""model.layers.5.self_attn.v_proj.weight""]","1794699264","31457280","[5120,3072]","3cbf64b0e7f2560443d36433ec22ac7ca2ef2d88766fb9b64fdd8cb5fdedd00f","3cbf64b0e7f2560443d36433ec22ac7ca2ef2d88766fb9b64fdd8cb5fdedd00f","true"
"model.layers.5.self_attn.o_proj.weight","[""model.layers.5.self_attn.o_proj.weight""]","1826156544","18874368","[3072,3072]","27502d6cfa5f626ce11346d13516f7ade94ffa7272604fb1fca391871b57037a","27502d6cfa5f626ce11346d13516f7ade94ffa7272604fb1fca391871b57037a","true"
"model.layers.5.mlp.gate_up_proj.weight","[""model.layers.5.mlp.gate_proj.weight"",""model.layers.5.mlp.up_proj.weight""]","1845030912","100663296","[16384,3072]","9a08e508946e53c9b11d447109f39be56b62ceae794ad036585b503764d9153f","9a08e508946e53c9b11d447109f39be56b62ceae794ad036585b503764d9153f","true"
"model.layers.5.mlp.down_proj.weight","[""model.layers.5.mlp.down_proj.weight""]","1945694208","50331648","[3072,8192]","cbf8dcef9682e9793705ef94f3001c291f5f24b88b2f35872fb0119604847e8d","cbf8dcef9682e9793705ef94f3001c291f5f24b88b2f35872fb0119604847e8d","true"
"model.layers.5.input_layernorm.weight","[""model.layers.5.input_layernorm.weight""]","1996025856","6144","[3072]","a1e373b27a8e42a2cfad8812c8721cfc87ebac3d788943781f1e02c9d2613b8f","a1e373b27a8e42a2cfad8812c8721cfc87ebac3d788943781f1e02c9d2613b8f","true"
"model.layers.5.post_attention_layernorm.weight","[""model.layers.5.post_attention_layernorm.weight""]","1996032000","6144","[3072]","c7de23df3d5a1115c0078c3f357e50fb6e36a9b4efc02cf7bc1b070fbf4d4997","c7de23df3d5a1115c0078c3f357e50fb6e36a9b4efc02cf7bc1b070fbf4d4997","true"
"model.layers.6.self_attn.qkv_proj.weight","[""model.layers.6.self_attn.q_proj.weight"",""model.layers.6.self_attn.k_proj.weight"",""model.layers.6.self_attn.v_proj.weight""]","1996038144","31457280","[5120,3072]","37edc1493540be45c92180636180cad7edd34f43ea07685e4c99a321530586bf","37edc1493540be45c92180636180cad7edd34f43ea07685e4c99a321530586bf","true"
"model.layers.6.self_attn.o_proj.weight","[""model.layers.6.self_attn.o_proj.weight""]","2027495424","18874368","[3072,3072]","041d3639d3c7ed183bcc6ecd4cca1b7d46448a9729ca6613443387268c5fcda1","041d3639d3c7ed183bcc6ecd4cca1b7d46448a9729ca6613443387268c5fcda1","true"
"model.layers.6.mlp.gate_up_proj.weight","[""model.layers.6.mlp.gate_proj.weight"",""model.layers.6.mlp.up_proj.weight""]","2046369792","100663296","[16384,3072]","00ffaf4fedae7c5fb649478159d75e8b0e79c4046b62c9d9b0125665f6dab272","00ffaf4fedae7c5fb649478159d75e8b0e79c4046b62c9d9b0125665f6dab272","true"
"model.layers.6.mlp.down_proj.weight","[""model.layers.6.mlp.down_proj.weight""]","2147033088","50331648","[3072,8192]","c2a8f50272a9d81ddc2b3f7402623d65a741331162643ef5435470e25a318c25","c2a8f50272a9d81ddc2b3f7402623d65a741331162643ef5435470e25a318c25","true"
"model.layers.6.input_layernorm.weight","[""model.layers.6.input_layernorm.weight""]","2197364736","6144","[3072]","55b5671c7bd2459806888918dfda35b3aca3914c7fa56045504abc9f79ad7378","55b5671c7bd2459806888918dfda35b3aca3914c7fa56045504abc9f79ad7378","true"
"model.layers.6.post_attention_layernorm.weight","[""model.layers.6.post_attention_layernorm.weight""]","2197370880","6144","[3072]","76e910f69a003528f3c8b1d062ca76c48b95d69d3ca82ddf730c0010bfe27dbc","76e910f69a003528f3c8b1d062ca76c48b95d69d3ca82ddf730c0010bfe27dbc","true"
"model.layers.7.self_attn.qkv_proj.weight","[""model.layers.7.self_attn.q_proj.weight"",""model.layers.7.self_attn.k_proj.weight"",""model.layers.7.self_attn.v_proj.weight""]","2197377024","31457280","[5120,3072]","a532e1c70f70d4bfc3e859d7caa595e4a16e1d4fdd8f022e5e47b82305f9380a","a532e1c70f70d4bfc3e859d7caa595e4a16e1d4fdd8f022e5e47b82305f9380a","true"
"model.layers.7.self_attn.o_proj.weight","[""model.layers.7.self_attn.o_proj.weight""]","2228834304","18874368","[3072,3072]","859d580b3b4da0161ed1ebb22979901fd1b66be515bb81a6f1c5cff4b1413422","859d580b3b4da0161ed1ebb22979901fd1b66be515bb81a6f1c5cff4b1413422","true"
"model.layers.7.mlp.gate_up_proj.weight","[""model.layers.7.mlp.gate_proj.weight"",""model.layers.7.mlp.up_proj.weight""]","2247708672","100663296","[16384,3072]","7e9538dcef51f6077952673186be25dfe5c9657d28585b6bcd9372226c3044b6","7e9538dcef51f6077952673186be25dfe5c9657d28585b6bcd9372226c3044b6","true"
"model.layers.7.mlp.down_proj.weight","[""model.layers.7.mlp.down_proj.weight""]","2348371968","50331648","[3072,8192]","6d4f6b6e5ee189d946be915351f6e04d3d452ff2528056b60c05d048768d9097","6d4f6b6e5ee189d946be915351f6e04d3d452ff2528056b60c05d048768d9097","true"
"model.layers.7.input_layernorm.weight","[""model.layers.7.input_layernorm.weight""]","2398703616","6144","[3072]","25235d5cae1b9116c40783dab4373166bbee3cdc7dca5085ecd01899db7cdefb","25235d5cae1b9116c40783dab4373166bbee3cdc7dca5085ecd01899db7cdefb","true"
"model.layers.7.post_attention_layernorm.weight","[""model.layers.7.post_attention_layernorm.weight""]","2398709760","6144","[3072]","31f3c2df71cdd775e0f6f87510c52b918c00dfd2ff3f177db1a07d85d8a0ed77","31f3c2df71cdd775e0f6f87510c52b918c00dfd2ff3f177db1a07d85d8a0ed77","true"
"model.layers.8.self_attn.qkv_proj.weight","[""model.layers.8.self_attn.q_proj.weight"",""model.layers.8.self_attn.k_proj.weight"",""model.layers.8.self_attn.v_proj.weight""]","2398715904","31457280","[5120,3072]","8f64e1c2277871d1b353b559f1f5a45aae737b770f344c1c22e4f7cd45b39bf3","8f64e1c2277871d1b353b559f1f5a45aae737b770f344c1c22e4f7cd45b39bf3","true"
"model.layers.8.self_attn.o_proj.weight","[""model.layers.8.self_attn.o_proj.weight""]","2430173184","18874368","[3072,3072]","115a0eea5d30ec4666f730ac556f16d15d56e5ba9601ce66bad15b0e0cecb1ee","115a0eea5d30ec4666f730ac556f16d15d56e5ba9601ce66bad15b0e0cecb1ee","true"
"model.layers.8.mlp.gate_up_proj.weight","[""model.layers.8.mlp.gate_proj.weight"",""model.layers.8.mlp.up_proj.weight""]","2449047552","100663296","[16384,3072]","1aa5d6a7fbefc4cc9f1bfdb4d281aaef899914839f7007d31d4d572f2fd65887","1aa5d6a7fbefc4cc9f1bfdb4d281aaef899914839f7007d31d4d572f2fd65887","true"
"model.layers.8.mlp.down_proj.weight","[""model.layers.8.mlp.down_proj.weight""]","2549710848","50331648","[3072,8192]","560ad1ba29e646bff203b8f387ba6d354790745c61d8ac2a83d7786db70037ad","560ad1ba29e646bff203b8f387ba6d354790745c61d8ac2a83d7786db70037ad","true"
"model.layers.8.input_layernorm.weight","[""model.layers.8.input_layernorm.weight""]","2600042496","6144","[3072]","73ac39a0cc99ac0e5d8b1268211671bca1bedab8577c2d13dad92978da76ef94","73ac39a0cc99ac0e5d8b1268211671bca1bedab8577c2d13dad92978da76ef94","true"
"model.layers.8.post_attention_layernorm.weight","[""model.layers.8.post_attention_layernorm.weight""]","2600048640","6144","[3072]","584d23609aa9a11f7a5197be000633ef89806f558e1bd0ca8bfaf8c97bf60ab9","584d23609aa9a11f7a5197be000633ef89806f558e1bd0ca8bfaf8c97bf60ab9","true"
"model.layers.9.self_attn.qkv_proj.weight","[""model.layers.9.self_attn.q_proj.weight"",""model.layers.9.self_attn.k_proj.weight"",""model.layers.9.self_attn.v_proj.weight""]","2600054784","31457280","[5120,3072]","67aa8dd8011a3cf5c4f97f36846370cca3e8b36979e71297194e7efc16a42ade","67aa8dd8011a3cf5c4f97f36846370cca3e8b36979e71297194e7efc16a42ade","true"
"model.layers.9.self_attn.o_proj.weight","[""model.layers.9.self_attn.o_proj.weight""]","2631512064","18874368","[3072,3072]","352d9097bf43bcc9b26b7dbeda020e505fd17021d7be8456f48e106eb4201032","352d9097bf43bcc9b26b7dbeda020e505fd17021d7be8456f48e106eb4201032","true"
"model.layers.9.mlp.gate_up_proj.weight","[""model.layers.9.mlp.gate_proj.weight"",""model.layers.9.mlp.up_proj.weight""]","2650386432","100663296","[16384,3072]","d4ab0e2ece51316c48eba851a144d8112209fec7c9fe7168941080a6a7ef4c74","d4ab0e2ece51316c48eba851a144d8112209fec7c9fe7168941080a6a7ef4c74","true"
"model.layers.9.mlp.down_proj.weight","[""model.layers.9.mlp.down_proj.weight""]","2751049728","50331648","[3072,8192]","9d5cfc4bcf574a232b633aad8f6381578f7268173a86ad3093e14c5896f0a6f3","9d5cfc4bcf574a232b633aad8f6381578f7268173a86ad3093e14c5896f0a6f3","true"
"model.layers.9.input_layernorm.weight","[""model.layers.9.input_layernorm.weight""]","2801381376","6144","[3072]","5a9c04b67ba236ea753b21ef843527354accc98a7b9d9b128fd125319a1a791a","5a9c04b67ba236ea753b21ef843527354accc98a7b9d9b128fd125319a1a791a","true"
"model.layers.9.post_attention_layernorm.weight","[""model.layers.9.post_attention_layernorm.weight""]","2801387520","6144","[3072]","f8e0a056de637940ae175992304bd8120ade0ddb2d169cbf261df79f27465f2b","f8e0a056de637940ae175992304bd8120ade0ddb2d169cbf261df79f27465f2b","true"
"model.layers.10.self_attn.qkv_proj.weight","[""model.layers.10.self_attn.q_proj.weight"",""model.layers.10.self_attn.k_proj.weight"",""model.layers.10.self_attn.v_proj.weight""]","2801393664","31457280","[5120,3072]","f4f7462910988825789b327b5307aa5d3c9d5f9cd7c70ce8fa76fc9ba71fca2b","f4f7462910988825789b327b5307aa5d3c9d5f9cd7c70ce8fa76fc9ba71fca2b","true"
"model.layers.10.self_attn.o_proj.weight","[""model.layers.10.self_attn.o_proj.weight""]","2832850944","18874368","[3072,3072]","db5ffe508c2c3aa9d210a8dfb43e26964d8d7aee8cc4b36d67cb522cda3eb29d","db5ffe508c2c3aa9d210a8dfb43e26964d8d7aee8cc4b36d67cb522cda3eb29d","true"
"model.layers.10.mlp.gate_up_proj.weight","[""model.layers.10.mlp.gate_proj.weight"",""model.layers.10.mlp.up_proj.weight""]","2851725312","100663296","[16384,3072]","57501b0fb921a175e7b8f906457a89795cc106d34d50d826fa2c86bbbcc1066d","57501b0fb921a175e7b8f906457a89795cc106d34d50d826fa2c86bbbcc1066d","true"
"model.layers.10.mlp.down_proj.weight","[""model.layers.10.mlp.down_proj.weight""]","2952388608","50331648","[3072,8192]","2350716969cdac4a0d4a11eed7c9002a7b63825be7ca332bfecbdf04bbeb907a","2350716969cdac4a0d4a11eed7c9002a7b63825be7ca332bfecbdf04bbeb907a","true"
"model.layers.10.input_layernorm.weight","[""model.layers.10.input_layernorm.weight""]","3002720256","6144","[3072]","ca6d17559e9318069af4a97e8788fcc9fd343514427435587ea47dfdd7a87a06","ca6d17559e9318069af4a97e8788fcc9fd343514427435587ea47dfdd7a87a06","true"
"model.layers.10.post_attention_layernorm.weight","[""model.layers.10.post_attention_layernorm.weight""]","3002726400","6144","[3072]","80d81b71ccc214f9e5a367992e87ad757b2ffe7e7e0426388fd8d7eb90b40c7b","80d81b71ccc214f9e5a367992e87ad757b2ffe7e7e0426388fd8d7eb90b40c7b","true"
"model.layers.11.self_attn.qkv_proj.weight","[""model.layers.11.self_attn.q_proj.weight"",""model.layers.11.self_attn.k_proj.weight"",""model.layers.11.self_attn.v_proj.weight""]","3002732544","31457280","[5120,3072]","080a20973d57a6459235ca509c98fad1b68ef7f5016e6e3063d799c213716852","080a20973d57a6459235ca509c98fad1b68ef7f5016e6e3063d799c213716852","true"
"model.layers.11.self_attn.o_proj.weight","[""model.layers.11.self_attn.o_proj.weight""]","3034189824","18874368","[3072,3072]","950816f170f968ea36b18aa4e70e93cf643289f53ef29810ee19f36a531a44ec","950816f170f968ea36b18aa4e70e93cf643289f53ef29810ee19f36a531a44ec","true"
"model.layers.11.mlp.gate_up_proj.weight","[""model.layers.11.mlp.gate_proj.weight"",""model.layers.11.mlp.up_proj.weight""]","3053064192","100663296","[16384,3072]","9100c2e413a03de1218e3bbb933258f6be5a4b4146d4b5dd5f33b19ef3eeea1e","9100c2e413a03de1218e3bbb933258f6be5a4b4146d4b5dd5f33b19ef3eeea1e","true"
"model.layers.11.mlp.down_proj.weight","[""model.layers.11.mlp.down_proj.weight""]","3153727488","50331648","[3072,8192]","e6d4992d320250ff4cd276e337d41d7df2d045083d0a3d23fbcc529ff2ec16e1","e6d4992d320250ff4cd276e337d41d7df2d045083d0a3d23fbcc529ff2ec16e1","true"
"model.layers.11.input_layernorm.weight","[""model.layers.11.input_layernorm.weight""]","3204059136","6144","[3072]","cb01f84eaf38e5fa34a497fa566eda9255797d9f47620358305ebe64ec309953","cb01f84eaf38e5fa34a497fa566eda9255797d9f47620358305ebe64ec309953","true"
"model.layers.11.post_attention_layernorm.weight","[""model.layers.11.post_attention_layernorm.weight""]","3204065280","6144","[3072]","1b5fc178c3942e35b4b30d83954a34ae71ebef366e7ed158e9a6a9131973e5b6","1b5fc178c3942e35b4b30d83954a34ae71ebef366e7ed158e9a6a9131973e5b6","true"
"model.layers.12.self_attn.qkv_proj.weight","[""model.layers.12.self_attn.q_proj.weight"",""model.layers.12.self_attn.k_proj.weight"",""model.layers.12.self_attn.v_proj.weight""]","3204071424","31457280","[5120,3072]","2e46deeaf7088a45085a8e52d9763b2e08104a1b1bab7cd6e3abada804f33b7b","2e46deeaf7088a45085a8e52d9763b2e08104a1b1bab7cd6e3abada804f33b7b","true"
"model.layers.12.self_attn.o_proj.weight","[""model.layers.12.self_attn.o_proj.weight""]","3235528704","18874368","[3072,3072]","85db630f79d6e86b0146e721cdb7160ec0e96bb13409d1a712e7b4c8e996efba","85db630f79d6e86b0146e721cdb7160ec0e96bb13409d1a712e7b4c8e996efba","true"
"model.layers.12.mlp.gate_up_proj.weight","[""model.layers.12.mlp.gate_proj.weight"",""model.layers.12.mlp.up_proj.weight""]","3254403072","100663296","[16384,3072]","29809c7d06202e414262215c1db12eff7a492b9b137314a3fe9b141d9d58df26","29809c7d06202e414262215c1db12eff7a492b9b137314a3fe9b141d9d58df26","true"
"model.layers.12.mlp.down_proj.weight","[""model.layers.12.mlp.down_proj.weight""]","3355066368","50331648","[3072,8192]","48de39077d4b87728b1811f8d42cb0ae8b1ef9d68aa253b1b1c3578ade4811c2","48de39077d4b87728b1811f8d42cb0ae8b1ef9d68aa253b1b1c3578ade4811c2","true"
"model.layers.12.input_layernorm.weight","[""model.layers.12.input_layernorm.weight""]","3405398016","6144","[3072]","e333ec5f3b6125fab28617fa7eed056651dee4ea437bc8b3069bbcbcee082662","e333ec5f3b6125fab28617fa7eed056651dee4ea437bc8b3069bbcbcee082662","true"
"model.layers.12.post_attention_layernorm.weight","[""model.layers.12.post_attention_layernorm.weight""]","3405404160","6144","[3072]","2ce125946ae79b04e510659613a5cb77b4fbee021f20471dcb41ef8f765fcd17","2ce125946ae79b04e510659613a5cb77b4fbee021f20471dcb41ef8f765fcd17","true"
"model.layers.13.self_attn.qkv_proj.weight","[""model.layers.13.self_attn.q_proj.weight"",""model.layers.13.self_attn.k_proj.weight"",""model.layers.13.self_attn.v_proj.weight""]","3405410304","31457280","[5120,3072]","4af52ff2dc8edabf53a30c63f429c77f7429307569bcae9ddf36818cec9b3352","4af52ff2dc8edabf53a30c63f429c77f7429307569bcae9ddf36818cec9b3352","true"
"model.layers.13.self_attn.o_proj.weight","[""model.layers.13.self_attn.o_proj.weight""]","3436867584","18874368","[3072,3072]","4e8285d9e1aae22fcb26ffce7f47b43031f9481c69787d74ef6af76f962d2fa1","4e8285d9e1aae22fcb26ffce7f47b43031f9481c69787d74ef6af76f962d2fa1","true"
"model.layers.13.mlp.gate_up_proj.weight","[""model.layers.13.mlp.gate_proj.weight"",""model.layers.13.mlp.up_proj.weight""]","3455741952","100663296","[16384,3072]","9db529d59610fcad5fded9ef4e39bb4e9b2846c1218263804b6842c20c89b993","9db529d59610fcad5fded9ef4e39bb4e9b2846c1218263804b6842c20c89b993","true"
"model.layers.13.mlp.down_proj.weight","[""model.layers.13.mlp.down_proj.weight""]","3556405248","50331648","[3072,8192]","c7e8c9a189465694e61c364c6ace7d936f2889fd5cc80bfa52ae70b0c95ea154","c7e8c9a189465694e61c364c6ace7d936f2889fd5cc80bfa52ae70b0c95ea154","true"
"model.layers.13.input_layernorm.weight","[""model.layers.13.input_layernorm.weight""]","3606736896","6144","[3072]","91b6c456a86ce844dcd5e5b38fe9dfe38f950916a9b8e851a93b925793c1cfbd","91b6c456a86ce844dcd5e5b38fe9dfe38f950916a9b8e851a93b925793c1cfbd","true"
"model.layers.13.post_attention_layernorm.weight","[""model.layers.13.post_attention_layernorm.weight""]","3606743040","6144","[3072]","89175c9a2910405b568b58949579296c50924aed0e436686ba3a8b993b86b00a","89175c9a2910405b568b58949579296c50924aed0e436686ba3a8b993b86b00a","true"
"model.layers.14.self_attn.qkv_proj.weight","[""model.layers.14.self_attn.q_proj.weight"",""model.layers.14.self_attn.k_proj.weight"",""model.layers.14.self_attn.v_proj.weight""]","3606749184","31457280","[5120,3072]","9b17dff790c49f3dec30eeda5767d517152180ce9401f53b13c5b83f97e26a40","9b17dff790c49f3dec30eeda5767d517152180ce9401f53b13c5b83f97e26a40","true"
"model.layers.14.self_attn.o_proj.weight","[""model.layers.14.self_attn.o_proj.weight""]","3638206464","18874368","[3072,3072]","b7e6050646ed7478bc1f5c7db9c8d65aaf61a4a5c25449b752cd7a94eafec340","b7e6050646ed7478bc1f5c7db9c8d65aaf61a4a5c25449b752cd7a94eafec340","true"
"model.layers.14.mlp.gate_up_proj.weight","[""model.layers.14.mlp.gate_proj.weight"",""model.layers.14.mlp.up_proj.weight""]","3657080832","100663296","[16384,3072]","712f0545ed7386470dcf0735a4fa69c78239d5e8a6b65cc4b203bdb97917d215","712f0545ed7386470dcf0735a4fa69c78239d5e8a6b65cc4b203bdb97917d215","true"
"model.layers.14.mlp.down_proj.weight","[""model.layers.14.mlp.down_proj.weight""]","3757744128","50331648","[3072,8192]","a7826eb202125323e3c5bf97447f50015465b73da4fcd29429d4687b49f90c35","a7826eb202125323e3c5bf97447f50015465b73da4fcd29429d4687b49f90c35","true"
"model.layers.14.input_layernorm.weight","[""model.layers.14.input_layernorm.weight""]","3808075776","6144","[3072]","6cc60349b2cda96904c95b3564ffd30bccb71b06b2d18255a70e2cce90a95cce","6cc60349b2cda96904c95b3564ffd30bccb71b06b2d18255a70e2cce90a95cce","true"
"model.layers.14.post_attention_layernorm.weight","[""model.layers.14.post_attention_layernorm.weight""]","3808081920","6144","[3072]","ce470233e4ceecaaa8882ba1aa2cad9e49d8c54c089e609e5b90cb5bb5dc1c46","ce470233e4ceecaaa8882ba1aa2cad9e49d8c54c089e609e5b90cb5bb5dc1c46","true"
"model.layers.15.self_attn.qkv_proj.weight","[""model.layers.15.self_attn.q_proj.weight"",""model.layers.15.self_attn.k_proj.weight"",""model.layers.15.self_attn.v_proj.weight""]","3808088064","31457280","[5120,3072]","ca28dbd279ed3310cd93af0e3b3647997062a9015f3998f8bdb9fe6834ee6674","ca28dbd279ed3310cd93af0e3b3647997062a9015f3998f8bdb9fe6834ee6674","true"
"model.layers.15.self_attn.o_proj.weight","[""model.layers.15.self_attn.o_proj.weight""]","3839545344","18874368","[3072,3072]","556b1b16d4e5f1c5e5117bf555989ac0a1cffcdb2f1b1204b3cc3597d13920fa","556b1b16d4e5f1c5e5117bf555989ac0a1cffcdb2f1b1204b3cc3597d13920fa","true"
"model.layers.15.mlp.gate_up_proj.weight","[""model.layers.15.mlp.gate_proj.weight"",""model.layers.15.mlp.up_proj.weight""]","3858419712","100663296","[16384,3072]","52dd5654c66984d09e1461f3ab27724ed22cafb118432703fb4d1a5874498e7e","52dd5654c66984d09e1461f3ab27724ed22cafb118432703fb4d1a5874498e7e","true"
"model.layers.15.mlp.down_proj.weight","[""model.layers.15.mlp.down_proj.weight""]","3959083008","50331648","[3072,8192]","57de52773f43ff0b261f853e2745e41b006fed76763028334d95d746a2f94f83","57de52773f43ff0b261f853e2745e41b006fed76763028334d95d746a2f94f83","true"
"model.layers.15.input_layernorm.weight","[""model.layers.15.input_layernorm.weight""]","4009414656","6144","[3072]","0b0ec5056e8950e9844ede4af5c472a8a6fa1ddb8f4135d741d2d173413eab79","0b0ec5056e8950e9844ede4af5c472a8a6fa1ddb8f4135d741d2d173413eab79","true"
"model.layers.15.post_attention_layernorm.weight","[""model.layers.15.post_attention_layernorm.weight""]","4009420800","6144","[3072]","07c09579b2d14739b6cfbb2104e47db1d4c441b29c24b6a733b5be3ea0e46d1a","07c09579b2d14739b6cfbb2104e47db1d4c441b29c24b6a733b5be3ea0e46d1a","true"
"model.layers.16.self_attn.qkv_proj.weight","[""model.layers.16.self_attn.q_proj.weight"",""model.layers.16.self_attn.k_proj.weight"",""model.layers.16.self_attn.v_proj.weight""]","4009426944","31457280","[5120,3072]","dc680708c110630934c593386d32870aeca2ca5d762bdccce13fceb5980de1b0","dc680708c110630934c593386d32870aeca2ca5d762bdccce13fceb5980de1b0","true"
"model.layers.16.self_attn.o_proj.weight","[""model.layers.16.self_attn.o_proj.weight""]","4040884224","18874368","[3072,3072]","012cefc6ef80029f128cbab7420f13df84804ebd7b857029e43f479a591d304a","012cefc6ef80029f128cbab7420f13df84804ebd7b857029e43f479a591d304a","true"
"model.layers.16.mlp.gate_up_proj.weight","[""model.layers.16.mlp.gate_proj.weight"",""model.layers.16.mlp.up_proj.weight""]","4059758592","100663296","[16384,3072]","bd112ee0cc9416c2256dc4e8ff23fc6d4fac5b470d58c29b87801e28d670506d","bd112ee0cc9416c2256dc4e8ff23fc6d4fac5b470d58c29b87801e28d670506d","true"
"model.layers.16.mlp.down_proj.weight","[""model.layers.16.mlp.down_proj.weight""]","4160421888","50331648","[3072,8192]","cc8a086e959127faaf804017b9cb349f29804d870351d583d768d85d59abe766","cc8a086e959127faaf804017b9cb349f29804d870351d583d768d85d59abe766","true"
"model.layers.16.input_layernorm.weight","[""model.layers.16.input_layernorm.weight""]","4210753536","6144","[3072]","52fbbbec374eb27cd16a1faa02b39490a66588eac7aa0287470d7ce3539ae70d","52fbbbec374eb27cd16a1faa02b39490a66588eac7aa0287470d7ce3539ae70d","true"
"model.layers.16.post_attention_layernorm.weight","[""model.layers.16.post_attention_layernorm.weight""]","4210759680","6144","[3072]","dc797f58d17aacfbfed541290c56a629ea1d35b2a550b73c77b7c4844fb657bc","dc797f58d17aacfbfed541290c56a629ea1d35b2a550b73c77b7c4844fb657bc","true"
"model.layers.17.self_attn.qkv_proj.weight","[""model.layers.17.self_attn.q_proj.weight"",""model.layers.17.self_attn.k_proj.weight"",""model.layers.17.self_attn.v_proj.weight""]","4210765824","31457280","[5120,3072]","5613ae519725a52aa4e651348fffee1c61ba58422e1b7ea1f791619cf6c92952","5613ae519725a52aa4e651348fffee1c61ba58422e1b7ea1f791619cf6c92952","true"
"model.layers.17.self_attn.o_proj.weight","[""model.layers.17.self_attn.o_proj.weight""]","4242223104","18874368","[3072,3072]","7810af9518a9c1eeb9a45e2cbc4713aa0598497fbd06467cf5e4394834aabaf5","7810af9518a9c1eeb9a45e2cbc4713aa0598497fbd06467cf5e4394834aabaf5","true"
"model.layers.17.mlp.gate_up_proj.weight","[""model.layers.17.mlp.gate_proj.weight"",""model.layers.17.mlp.up_proj.weight""]","4261097472","100663296","[16384,3072]","0f309dabf1a52633eda88c9e97dc7cb8553eb833ecac9a9a70a04f94e1f160c5","0f309dabf1a52633eda88c9e97dc7cb8553eb833ecac9a9a70a04f94e1f160c5","true"
"model.layers.17.mlp.down_proj.weight","[""model.layers.17.mlp.down_proj.weight""]","4361760768","50331648","[3072,8192]","13ec6325053c7c588971fd16c58fe39a1feffc143f89c41bba0b6bc431388cfe","13ec6325053c7c588971fd16c58fe39a1feffc143f89c41bba0b6bc431388cfe","true"
"model.layers.17.input_layernorm.weight","[""model.layers.17.input_layernorm.weight""]","4412092416","6144","[3072]","c9d954119b3d8df3c93db1c580714ec91f3bdc0a301824965b49860c56c67311","c9d954119b3d8df3c93db1c580714ec91f3bdc0a301824965b49860c56c67311","true"
"model.layers.17.post_attention_layernorm.weight","[""model.layers.17.post_attention_layernorm.weight""]","4412098560","6144","[3072]","a9f1013bd492622e941ad8205f9968e28a28e6d4fed675fc86cbf19c720bbdc7","a9f1013bd492622e941ad8205f9968e28a28e6d4fed675fc86cbf19c720bbdc7","true"
"model.layers.18.self_attn.qkv_proj.weight","[""model.layers.18.self_attn.q_proj.weight"",""model.layers.18.self_attn.k_proj.weight"",""model.layers.18.self_attn.v_proj.weight""]","4412104704","31457280","[5120,3072]","a00b3c4d62c3d9aa7a1590de0da6a0d24e308cb46534942201d7af5dc5de9956","a00b3c4d62c3d9aa7a1590de0da6a0d24e308cb46534942201d7af5dc5de9956","true"
"model.layers.18.self_attn.o_proj.weight","[""model.layers.18.self_attn.o_proj.weight""]","4443561984","18874368","[3072,3072]","519fed5af295a279ac90a5899bb785f756d4988fb18e335a6680df17fea5b086","519fed5af295a279ac90a5899bb785f756d4988fb18e335a6680df17fea5b086","true"
"model.layers.18.mlp.gate_up_proj.weight","[""model.layers.18.mlp.gate_proj.weight"",""model.layers.18.mlp.up_proj.weight""]","4462436352","100663296","[16384,3072]","7e879f73f58a08ca9183dbab7b0926f8a8dd9f80af9e3861e47d0e0d53c9176a","7e879f73f58a08ca9183dbab7b0926f8a8dd9f80af9e3861e47d0e0d53c9176a","true"
"model.layers.18.mlp.down_proj.weight","[""model.layers.18.mlp.down_proj.weight""]","4563099648","50331648","[3072,8192]","ec3dab6749983c5db3a0159a2dd01ed22658e9a4508c870a182f4c4a5785e3c3","ec3dab6749983c5db3a0159a2dd01ed22658e9a4508c870a182f4c4a5785e3c3","true"
"model.layers.18.input_layernorm.weight","[""model.layers.18.input_layernorm.weight""]","4613431296","6144","[3072]","c7cf22f1a714b714c2c0f6ea27ccc9a7618be24901efcb4120380627dfb33872","c7cf22f1a714b714c2c0f6ea27ccc9a7618be24901efcb4120380627dfb33872","true"
"model.layers.18.post_attention_layernorm.weight","[""model.layers.18.post_attention_layernorm.weight""]","4613437440","6144","[3072]","27e500ce30ae1d8fc99ee4c8b82f1a7539f964557bdb2634b0332833e10c9087","27e500ce30ae1d8fc99ee4c8b82f1a7539f964557bdb2634b0332833e10c9087","true"
"model.layers.19.self_attn.qkv_proj.weight","[""model.layers.19.self_attn.q_proj.weight"",""model.layers.19.self_attn.k_proj.weight"",""model.layers.19.self_attn.v_proj.weight""]","4613443584","31457280","[5120,3072]","6302133e1dcfc9b90359572804e9f34e0d235873b7fef4b9d62825c802cbba35","6302133e1dcfc9b90359572804e9f34e0d235873b7fef4b9d62825c802cbba35","true"
"model.layers.19.self_attn.o_proj.weight","[""model.layers.19.self_attn.o_proj.weight""]","4644900864","18874368","[3072,3072]","a023499999de72e7e16cb31ab502410b821ff5d31b67c8931f8f3f84771cbc17","a023499999de72e7e16cb31ab502410b821ff5d31b67c8931f8f3f84771cbc17","true"
"model.layers.19.mlp.gate_up_proj.weight","[""model.layers.19.mlp.gate_proj.weight"",""model.layers.19.mlp.up_proj.weight""]","4663775232","100663296","[16384,3072]","9d25b283f0270ead3a91ad2528e00526109c979000cb33ff21bb772a7da66df4","9d25b283f0270ead3a91ad2528e00526109c979000cb33ff21bb772a7da66df4","true"
"model.layers.19.mlp.down_proj.weight","[""model.layers.19.mlp.down_proj.weight""]","4764438528","50331648","[3072,8192]","90be208ad0535a52bba82d49d6a65c16b7291e507a6cc4c6da24780887a41202","90be208ad0535a52bba82d49d6a65c16b7291e507a6cc4c6da24780887a41202","true"
"model.layers.19.input_layernorm.weight","[""model.layers.19.input_layernorm.weight""]","4814770176","6144","[3072]","28e2d5884863e6ae68cff7c0a6fbe54971f603283310b56b385f3f5bf3a9438a","28e2d5884863e6ae68cff7c0a6fbe54971f603283310b56b385f3f5bf3a9438a","true"
"model.layers.19.post_attention_layernorm.weight","[""model.layers.19.post_attention_layernorm.weight""]","4814776320","6144","[3072]","948e58420c6acb4285ace11beae899a47c9492b3fe447cd1d96074150aafae2d","948e58420c6acb4285ace11beae899a47c9492b3fe447cd1d96074150aafae2d","true"
"model.layers.20.self_attn.qkv_proj.weight","[""model.layers.20.self_attn.q_proj.weight"",""model.layers.20.self_attn.k_proj.weight"",""model.layers.20.self_attn.v_proj.weight""]","4814782464","31457280","[5120,3072]","b6c73d574048b7e67306ef0156b3a8c68f852730f6f687bdcfea7af74b10851f","b6c73d574048b7e67306ef0156b3a8c68f852730f6f687bdcfea7af74b10851f","true"
"model.layers.20.self_attn.o_proj.weight","[""model.layers.20.self_attn.o_proj.weight""]","4846239744","18874368","[3072,3072]","77943450f644635d855499b1aa526cb2756fb2899910315eca6f4ee2fcd5dc64","77943450f644635d855499b1aa526cb2756fb2899910315eca6f4ee2fcd5dc64","true"
"model.layers.20.mlp.gate_up_proj.weight","[""model.layers.20.mlp.gate_proj.weight"",""model.layers.20.mlp.up_proj.weight""]","4865114112","100663296","[16384,3072]","5352dd87c6bf7d038ad6b1e304cfd69e50cb8851b97f39ec382ecfd144ca607a","5352dd87c6bf7d038ad6b1e304cfd69e50cb8851b97f39ec382ecfd144ca607a","true"
"model.layers.20.mlp.down_proj.weight","[""model.layers.20.mlp.down_proj.weight""]","4965777408","50331648","[3072,8192]","b2d3c391c7d535ff374c57f489954436802bf2b7a4f9bf2c104aa2a5ffa2ceac","b2d3c391c7d535ff374c57f489954436802bf2b7a4f9bf2c104aa2a5ffa2ceac","true"
"model.layers.20.input_layernorm.weight","[""model.layers.20.input_layernorm.weight""]","5016109056","6144","[3072]","0a89aa58437670372baa3dddea1fdea2aaf410dc1b44087e6992fbe405dc4d74","0a89aa58437670372baa3dddea1fdea2aaf410dc1b44087e6992fbe405dc4d74","true"
"model.layers.20.post_attention_layernorm.weight","[""model.layers.20.post_attention_layernorm.weight""]","5016115200","6144","[3072]","49e4e36a0ac6afaea308ef3d9a9a07cd64919900aa82f4f44d88f08229271197","49e4e36a0ac6afaea308ef3d9a9a07cd64919900aa82f4f44d88f08229271197","true"
"model.layers.21.self_attn.qkv_proj.weight","[""model.layers.21.self_attn.q_proj.weight"",""model.layers.21.self_attn.k_proj.weight"",""model.layers.21.self_attn.v_proj.weight""]","5016121344","31457280","[5120,3072]","c12a75f89f133b863125378aa80f7c8e6f5cf25ce0225f6be672827c1fafb9e4","c12a75f89f133b863125378aa80f7c8e6f5cf25ce0225f6be672827c1fafb9e4","true"
"model.layers.21.self_attn.o_proj.weight","[""model.layers.21.self_attn.o_proj.weight""]","5047578624","18874368","[3072,3072]","93450ddcebcf12ba372957467dbd297ffb42360535ca46e4b08efe243b542352","93450ddcebcf12ba372957467dbd297ffb42360535ca46e4b08efe243b542352","true"
"model.layers.21.mlp.gate_up_proj.weight","[""model.layers.21.mlp.gate_proj.weight"",""model.layers.21.mlp.up_proj.weight""]","5066452992","100663296","[16384,3072]","33a6b0e5768ba614e146380eb24444c556e29f0bba01df287fa64f30f8b0628f","33a6b0e5768ba614e146380eb24444c556e29f0bba01df287fa64f30f8b0628f","true"
"model.layers.21.mlp.down_proj.weight","[""model.layers.21.mlp.down_proj.weight""]","5167116288","50331648","[3072,8192]","c8502306b4fbde59560077bd91eb2abcf9984543d6d97d280ccd3e2dd35a30e4","c8502306b4fbde59560077bd91eb2abcf9984543d6d97d280ccd3e2dd35a30e4","true"
"model.layers.21.input_layernorm.weight","[""model.layers.21.input_layernorm.weight""]","5217447936","6144","[3072]","636a001387abe88c9034bfd3e33055a1e9956867b5a4b47de4062edeceb1023e","636a001387abe88c9034bfd3e33055a1e9956867b5a4b47de4062edeceb1023e","true"
"model.layers.21.post_attention_layernorm.weight","[""model.layers.21.post_attention_layernorm.weight""]","5217454080","6144","[3072]","e4058bfe5d2d4787f3fa4045061c229b96180b7ce819db8610f448bc531d4e28","e4058bfe5d2d4787f3fa4045061c229b96180b7ce819db8610f448bc531d4e28","true"
"model.layers.22.self_attn.qkv_proj.weight","[""model.layers.22.self_attn.q_proj.weight"",""model.layers.22.self_attn.k_proj.weight"",""model.layers.22.self_attn.v_proj.weight""]","5217460224","31457280","[5120,3072]","bf249345f7ab49d2dbe298b98a05183caa01a69b13ec021a89df35d1845a405f","bf249345f7ab49d2dbe298b98a05183caa01a69b13ec021a89df35d1845a405f","true"
"model.layers.22.self_attn.o_proj.weight","[""model.layers.22.self_attn.o_proj.weight""]","5248917504","18874368","[3072,3072]","966e5d1725d56ece940fa6436419d32f1cbfcf107c9cc8a531936d88427351a0","966e5d1725d56ece940fa6436419d32f1cbfcf107c9cc8a531936d88427351a0","true"
"model.layers.22.mlp.gate_up_proj.weight","[""model.layers.22.mlp.gate_proj.weight"",""model.layers.22.mlp.up_proj.weight""]","5267791872","100663296","[16384,3072]","1e9cae88c2d669e837b1e4896cfd8d0f64c12596a0f4f5939940a01cdaaaa07b","1e9cae88c2d669e837b1e4896cfd8d0f64c12596a0f4f5939940a01cdaaaa07b","true"
"model.layers.22.mlp.down_proj.weight","[""model.layers.22.mlp.down_proj.weight""]","5368455168","50331648","[3072,8192]","cb001b029ee7f7e1dc9c20805b5edf59b0f09321e2cef1bfd93d058c95ef74cb","cb001b029ee7f7e1dc9c20805b5edf59b0f09321e2cef1bfd93d058c95ef74cb","true"
"model.layers.22.input_layernorm.weight","[""model.layers.22.input_layernorm.weight""]","5418786816","6144","[3072]","f94a6d58ba864c4974dbfb8ada6ea92d57ef0258e747e5bf0a2cd0906b1b356c","f94a6d58ba864c4974dbfb8ada6ea92d57ef0258e747e5bf0a2cd0906b1b356c","true"
"model.layers.22.post_attention_layernorm.weight","[""model.layers.22.post_attention_layernorm.weight""]","5418792960","6144","[3072]","fa7e94b43ffcb39945a32058be5f0c08fdfc72a4e50d2be2306ff957ba334220","fa7e94b43ffcb39945a32058be5f0c08fdfc72a4e50d2be2306ff957ba334220","true"
"model.layers.23.self_attn.qkv_proj.weight","[""model.layers.23.self_attn.q_proj.weight"",""model.layers.23.self_attn.k_proj.weight"",""model.layers.23.self_attn.v_proj.weight""]","5418799104","31457280","[5120,3072]","9b24cf7b8380e94d732be92444f07fc8781f4c13a96f329e2ce796c7eccdaac8","9b24cf7b8380e94d732be92444f07fc8781f4c13a96f329e2ce796c7eccdaac8","true"
"model.layers.23.self_attn.o_proj.weight","[""model.layers.23.self_attn.o_proj.weight""]","5450256384","18874368","[3072,3072]","c3e9a2ab78e24cda04f316515ed2577f13a7829c0fdee6b8ee13d43e874c5940","c3e9a2ab78e24cda04f316515ed2577f13a7829c0fdee6b8ee13d43e874c5940","true"
"model.layers.23.mlp.gate_up_proj.weight","[""model.layers.23.mlp.gate_proj.weight"",""model.layers.23.mlp.up_proj.weight""]","5469130752","100663296","[16384,3072]","394c6def06361a5e75ef7a1faa38b34e5e9757cf48be5d62d9ce8f1658d7143b","394c6def06361a5e75ef7a1faa38b34e5e9757cf48be5d62d9ce8f1658d7143b","true"
"model.layers.23.mlp.down_proj.weight","[""model.layers.23.mlp.down_proj.weight""]","5569794048","50331648","[3072,8192]","087bb0f85f030cb3f14f8381a75b9c410f0f777b7c5d875534e528c615bb0c77","087bb0f85f030cb3f14f8381a75b9c410f0f777b7c5d875534e528c615bb0c77","true"
"model.layers.23.input_layernorm.weight","[""model.layers.23.input_layernorm.weight""]","5620125696","6144","[3072]","c981ac45d5ce753336507db83850b682655ee1da2997096f5e50c9dbd1d98d5a","c981ac45d5ce753336507db83850b682655ee1da2997096f5e50c9dbd1d98d5a","true"
"model.layers.23.post_attention_layernorm.weight","[""model.layers.23.post_attention_layernorm.weight""]","5620131840","6144","[3072]","4f785e9f9045cb1d309306602e71cb505f24c5ce07467b97cc3a048170754548","4f785e9f9045cb1d309306602e71cb505f24c5ce07467b97cc3a048170754548","true"
"model.layers.24.self_attn.qkv_proj.weight","[""model.layers.24.self_attn.q_proj.weight"",""model.layers.24.self_attn.k_proj.weight"",""model.layers.24.self_attn.v_proj.weight""]","5620137984","31457280","[5120,3072]","584138e95625e9492bcf72bf0f708de980542793422e9ee080b9eee045b6a7ee","584138e95625e9492bcf72bf0f708de980542793422e9ee080b9eee045b6a7ee","true"
"model.layers.24.self_attn.o_proj.weight","[""model.layers.24.self_attn.o_proj.weight""]","5651595264","18874368","[3072,3072]","fac2d9bcd784be598c077956a8578dea7befe2a58a050e05366301c4c1752f72","fac2d9bcd784be598c077956a8578dea7befe2a58a050e05366301c4c1752f72","true"
"model.layers.24.mlp.gate_up_proj.weight","[""model.layers.24.mlp.gate_proj.weight"",""model.layers.24.mlp.up_proj.weight""]","5670469632","100663296","[16384,3072]","2b9ddb758231a4b129bce7c722788c3967295e946c581d9f1f6401c85e252f7d","2b9ddb758231a4b129bce7c722788c3967295e946c581d9f1f6401c85e252f7d","true"
"model.layers.24.mlp.down_proj.weight","[""model.layers.24.mlp.down_proj.weight""]","5771132928","50331648","[3072,8192]","a665d0ad5e3ebc2569e1f37a308f8cb8a0c568e8a659a3dedafc1e1727600c04","a665d0ad5e3ebc2569e1f37a308f8cb8a0c568e8a659a3dedafc1e1727600c04","true"
"model.layers.24.input_layernorm.weight","[""model.layers.24.input_layernorm.weight""]","5821464576","6144","[3072]","124b63483de39668c0f03299e6de690b3a3cea4fabc192769b5456901841923f","124b63483de39668c0f03299e6de690b3a3cea4fabc192769b5456901841923f","true"
"model.layers.24.post_attention_layernorm.weight","[""model.layers.24.post_attention_layernorm.weight""]","5821470720","6144","[3072]","0cd7bff542aae8e172151cb0b98b93eed00152ae6187d231bfcf3c2f434aa256","0cd7bff542aae8e172151cb0b98b93eed00152ae6187d231bfcf3c2f434aa256","true"
"model.layers.25.self_attn.qkv_proj.weight","[""model.layers.25.self_attn.q_proj.weight"",""model.layers.25.self_attn.k_proj.weight"",""model.layers.25.self_attn.v_proj.weight""]","5821476864","31457280","[5120,3072]","ce526264e4a212d210e924bc25cea7fa5bf66dd6e7016922c37d02571c351d03","ce526264e4a212d210e924bc25cea7fa5bf66dd6e7016922c37d02571c351d03","true"
"model.layers.25.self_attn.o_proj.weight","[""model.layers.25.self_attn.o_proj.weight""]","5852934144","18874368","[3072,3072]","eec4341535982635c996e05275168402c15d4e7dea0e4610cea84994033d4600","eec4341535982635c996e05275168402c15d4e7dea0e4610cea84994033d4600","true"
"model.layers.25.mlp.gate_up_proj.weight","[""model.layers.25.mlp.gate_proj.weight"",""model.layers.25.mlp.up_proj.weight""]","5871808512","100663296","[16384,3072]","892a36a7c8830b2db5568421d52acc5107c502491278d5fd441399407dc8469c","892a36a7c8830b2db5568421d52acc5107c502491278d5fd441399407dc8469c","true"
"model.layers.25.mlp.down_proj.weight","[""model.layers.25.mlp.down_proj.weight""]","5972471808","50331648","[3072,8192]","e9b480aa5daadcf3ec0520e4b5eb22cafcafe936c84e47485c526460685df432","e9b480aa5daadcf3ec0520e4b5eb22cafcafe936c84e47485c526460685df432","true"
"model.layers.25.input_layernorm.weight","[""model.layers.25.input_layernorm.weight""]","6022803456","6144","[3072]","ca133f092c03b64123d2b23e862e21b895582e94aedc6bfbe00c71a56e652026","ca133f092c03b64123d2b23e862e21b895582e94aedc6bfbe00c71a56e652026","true"
"model.layers.25.post_attention_layernorm.weight","[""model.layers.25.post_attention_layernorm.weight""]","6022809600","6144","[3072]","813a453073c9a60ca85593a270162c8cbfad8b78d8deb4fffb97384814a6fa98","813a453073c9a60ca85593a270162c8cbfad8b78d8deb4fffb97384814a6fa98","true"
"model.layers.26.self_attn.qkv_proj.weight","[""model.layers.26.self_attn.q_proj.weight"",""model.layers.26.self_attn.k_proj.weight"",""model.layers.26.self_attn.v_proj.weight""]","6022815744","31457280","[5120,3072]","c4c6bd6e01325acbd740a3410426c54acb42420b4a14cd489049404b59a4ac0b","c4c6bd6e01325acbd740a3410426c54acb42420b4a14cd489049404b59a4ac0b","true"
"model.layers.26.self_attn.o_proj.weight","[""model.layers.26.self_attn.o_proj.weight""]","6054273024","18874368","[3072,3072]","6f9559a11b5353b07bb710366422d9e42e747a49b30b7022b14af91b142e4653","6f9559a11b5353b07bb710366422d9e42e747a49b30b7022b14af91b142e4653","true"
"model.layers.26.mlp.gate_up_proj.weight","[""model.layers.26.mlp.gate_proj.weight"",""model.layers.26.mlp.up_proj.weight""]","6073147392","100663296","[16384,3072]","e5aff105275807be4841cae33bebcf340b761fe292398de533925ee7eb044cf8","e5aff105275807be4841cae33bebcf340b761fe292398de533925ee7eb044cf8","true"
"model.layers.26.mlp.down_proj.weight","[""model.layers.26.mlp.down_proj.weight""]","6173810688","50331648","[3072,8192]","938467714d7f6786693360e973fe993d943d1946bb54d11d89e9c9d91ac0de09","938467714d7f6786693360e973fe993d943d1946bb54d11d89e9c9d91ac0de09","true"
"model.layers.26.input_layernorm.weight","[""model.layers.26.input_layernorm.weight""]","6224142336","6144","[3072]","73695471ddbef018cc69942cde0fd10c3bdf2ca725e5cc5b8d8bb0675e69fa7f","73695471ddbef018cc69942cde0fd10c3bdf2ca725e5cc5b8d8bb0675e69fa7f","true"
"model.layers.26.post_attention_layernorm.weight","[""model.layers.26.post_attention_layernorm.weight""]","6224148480","6144","[3072]","35ebaee99ed7e6c9cbd7236961fec6b363de5c60f48da3a7c37594b4c5c0c898","35ebaee99ed7e6c9cbd7236961fec6b363de5c60f48da3a7c37594b4c5c0c898","true"
"model.layers.27.self_attn.qkv_proj.weight","[""model.layers.27.self_attn.q_proj.weight"",""model.layers.27.self_attn.k_proj.weight"",""model.layers.27.self_attn.v_proj.weight""]","6224154624","31457280","[5120,3072]","80bb6166a11fc869ce8255cbbdee5a2f062bd92d9eab8f94a41833b41cc66269","80bb6166a11fc869ce8255cbbdee5a2f062bd92d9eab8f94a41833b41cc66269","true"
"model.layers.27.self_attn.o_proj.weight","[""model.layers.27.self_attn.o_proj.weight""]","6255611904","18874368","[3072,3072]","ca7be06567749564b4a0d8c97955ba025396550afb1f4043c90c61224501b1e3","ca7be06567749564b4a0d8c97955ba025396550afb1f4043c90c61224501b1e3","true"
"model.layers.27.mlp.gate_up_proj.weight","[""model.layers.27.mlp.gate_proj.weight"",""model.layers.27.mlp.up_proj.weight""]","6274486272","100663296","[16384,3072]","4d539534485bd4339f048d310887df03be2532886ea9cb7f098ae3836a364044","4d539534485bd4339f048d310887df03be2532886ea9cb7f098ae3836a364044","true"
"model.layers.27.mlp.down_proj.weight","[""model.layers.27.mlp.down_proj.weight""]","6375149568","50331648","[3072,8192]","765fb60e22faabfc71f3dfa96b7060099b29076c7dc9ff0f39fe71d6dffd08d1","765fb60e22faabfc71f3dfa96b7060099b29076c7dc9ff0f39fe71d6dffd08d1","true"
"model.layers.27.input_layernorm.weight","[""model.layers.27.input_layernorm.weight""]","6425481216","6144","[3072]","93adc7154e53f1c1f23078afa0f1b504c65052a64c174b6b5b85e17144c407be","93adc7154e53f1c1f23078afa0f1b504c65052a64c174b6b5b85e17144c407be","true"
"model.layers.27.post_attention_layernorm.weight","[""model.layers.27.post_attention_layernorm.weight""]","6425487360","6144","[3072]","ee18faf93ed40ad23f817d448140d3230fef8443d3fa603d475df3b4f9a44018","ee18faf93ed40ad23f817d448140d3230fef8443d3fa603d475df3b4f9a44018","true"
"model.norm.weight","[""model.norm.weight""]","6425493504","6144","[3072]","723c5a0463d18caae3cecb0efe71818a668c936bdb9ff12887199c71faff1eea","723c5a0463d18caae3cecb0efe71818a668c936bdb9ff12887199c71faff1eea","true"
