request_id,status,adapter_id,target_tokens,actual_tokens,ttft_ms,tpot_ms,e2e_ms
req_00000,startup_failure,finance_lora,152,,,,
req_00001,startup_failure,finance_lora,59,,,,
req_00002,startup_failure,writing_lora_0011,123,,,,
req_00003,protocol_valid,finance_lora,217,217,55276.99497662252,60.8117477084441,68425.31732859788
req_00004,protocol_valid,finance_lora,88,88,61741.44275591243,60.921387666643696,67053.95012587542
req_00005,protocol_valid,legal_lora,256,256,61743.88820648892,60.07969243926745,77075.86935948348
req_00006,protocol_valid,finance_lora,217,217,76531.47213201737,60.14862109737738,89534.0244610561
req_00007,protocol_valid,translate_lora,174,174,90603.7587330211,60.513813173427984,101081.43580204342
req_00008,protocol_valid,research_lora_0008,50,50,98987.9467371502,60.204036061043794,101947.83989613643
req_00009,protocol_valid,finance_lora,94,94,101354.58973312052,60.9445393765195,107033.92065409571
req_00010,protocol_valid,finance_lora_0013,253,253,106682.41490726359,60.27258834907867,121881.46550627425
req_00011,protocol_valid,finance_lora,256,256,122086.60002081888,60.69194405481183,137574.5841988246
req_00012,protocol_valid,code_lora,256,256,134171.42891016556,60.577398835334414,149630.63079613494
req_00013,protocol_valid,finance_lora,50,50,147512.37934589153,60.48228326538692,150486.43039987655
req_00014,protocol_valid,research_lora_0008,203,203,151333.5502173868,60.552206856318485,163575.1385423937
req_00015,protocol_valid,code_lora_0015,256,256,163147.59405964287,60.782346278474684,178659.17432465358
req_00016,protocol_valid,education_lora_0043,173,173,178397.35397015465,60.46206013368562,188807.93803319102
req_00017,protocol_valid,education_lora_0007,256,256,189226.17879707832,60.443460682461804,204649.00176110677
req_00018,protocol_valid,ecommerce_lora_0009,183,183,201660.41811776813,60.57379799984539,212696.07201876352
req_00019,protocol_valid,education_lora_0007,256,256,213089.27839586977,60.03652367462386,228410.7140759006
req_00020,protocol_valid,finance_lora,256,256,227855.72156921262,61.17725085111006,243466.29224723438
req_00021,protocol_valid,medical_lora,89,89,243241.07807636028,61.291683113350615,248644.64009332005
req_00022,protocol_valid,medical_lora,256,256,248096.1058991379,60.81474596068409,263615.9499291098
req_00023,protocol_valid,medical_lora,256,256,264111.59626895096,60.118316588284195,279451.74775394844
req_00024,protocol_valid,code_lora,67,67,275373.58473968925,60.670025712831624,279388.3724937332
req_00025,protocol_valid,finance_lora,256,256,280002.78523704037,60.54274961580614,295451.51078602066
req_00026,protocol_valid,finance_lora_0037,256,256,294499.5130983298,60.33132230593622,309896.3405403192
req_00027,protocol_valid,research_lora_0008,256,256,298302.84121469595,60.62661789394185,313773.2431786717
req_00028,protocol_valid,medical_lora_0014,245,245,312066.1159340525,60.82092150406469,326915.2446310618
req_00029,protocol_valid,code_lora,256,256,327316.6016965406,60.86546203906776,342849.7664235183
req_00030,protocol_valid,gaming_lora_0010,162,162,342821.0339031066,60.52331438523816,352578.92575708684
req_00031,protocol_valid,security_lora_0012,40,40,353889.5298689022,60.58230215402989,356263.0071308813
req_00032,protocol_valid,translate_lora_0018,256,256,356698.93570884597,60.5208165881991,372143.4333338402
req_00033,protocol_valid,finance_lora,54,54,368517.94433419127,60.45758452833156,371732.2355651995
req_00034,protocol_valid,medical_lora,256,256,371071.0842970293,60.80374441579824,386587.74455002276
req_00035,protocol_valid,medical_lora_0038,256,256,384176.2263752753,60.40576923519884,399592.2810852644
req_00036,protocol_valid,medical_lora,256,256,399652.93991501676,60.239891717712595,415025.53528000135
req_00037,protocol_valid,code_lora,256,256,415173.7944181077,60.6309126510157,430645.87946614483
req_00038,protocol_valid,support_lora,141,141,429713.69463671,61.16315058565566,438285.36429273663
req_00039,protocol_valid,medical_lora,24,24,438512.12345197564,62.9900263460434,439970.8430679748
req_00040,protocol_valid,medical_lora,8,8,440244.3704386824,62.041225427362534,440688.15473868744
req_00041,protocol_valid,education_lora_0031,104,104,439145.18658432644,60.621034728082854,445399.1080283304
req_00042,protocol_valid,finance_lora,203,203,445389.66148532927,60.21644474245783,457567.52826832235
req_00043,protocol_valid,legal_lora,256,256,458408.98130863206,60.48765661966458,473844.93564261356
req_00044,protocol_valid,finance_lora,256,256,472546.47980671143,60.69275508634746,488034.69279571436
req_00045,protocol_valid,ecommerce_lora_0009,81,81,485450.882606674,60.22714597493177,490279.0716646705
req_00046,protocol_valid,support_lora,256,256,491005.7269913377,59.95181012560851,506304.5606503729
req_00047,protocol_valid,code_lora,256,256,505391.98010985274,60.536734796101776,520840.6629238161
req_00048,protocol_valid,translate_lora,256,256,521144.7705536266,60.528830866621554,536590.1043736376
req_00049,protocol_valid,medical_lora_0026,16,16,534817.4273497425,60.77656866982579,535737.6885548001
req_00050,protocol_valid,medical_lora_0014,86,86,536268.9933805959,60.382777800345245,541413.0273446208
req_00051,protocol_valid,translate_lora,152,152,534199.8953218572,60.704516112381924,543377.3404478561
req_00052,protocol_valid,gaming_lora_0010,256,256,542668.6659047264,60.18457308607906,558027.3196166963
req_00053,protocol_valid,support_lora,256,256,557779.7447962803,60.74607738832414,573281.384922273
req_00054,protocol_valid,code_lora_0039,92,92,573755.282772996,60.59053660419023,579279.1090359678
req_00055,protocol_valid,medical_lora,256,256,574494.4078394328,60.8387691334036,590019.5101904683
req_00056,protocol_valid,finance_lora,256,256,589213.5660446365,60.67260198829257,604696.2993466877
req_00057,protocol_valid,code_lora_0027,198,198,604000.3164803493,60.60073454805229,615947.6927613141
req_00058,protocol_valid,gaming_lora_0010,256,256,612175.192584109,59.92694209425655,627467.7342901123
req_00059,protocol_valid,finance_lora,45,45,628017.5184397958,60.23423856822774,630677.9687108356
req_00060,protocol_valid,translate_lora,36,36,630703.1849647756,60.722480142222985,632839.2502827337
req_00061,protocol_valid,translate_lora,91,91,631634.229808813,62.620606733253226,637279.7450138023
req_00062,protocol_valid,medical_lora,9,9,637046.9423891045,62.932735003414564,637556.6743271193
req_00063,protocol_valid,writing_lora_0035,13,13,637990.4583839234,61.76618316385429,638739.7844449151
req_00064,protocol_valid,writing_lora_0023,256,256,639244.3019879865,62.46656298810872,655184.1646679677
req_00065,protocol_valid,finance_lora,43,43,655894.9152281275,61.363850975231756,658481.1093431199
req_00066,protocol_valid,medical_lora_0038,192,192,656300.0365013722,60.481285471261934,667861.5063953912
req_00067,protocol_valid,legal_lora,256,256,666363.7704837602,60.564839211749096,681818.7958337367
req_00068,protocol_valid,legal_lora_0017,256,256,681584.9896121654,60.99233256068592,697149.4180641603
req_00069,protocol_valid,finance_lora,142,142,697360.2722641081,61.58592255335262,706054.760748113
req_00070,protocol_valid,education_lora_0007,16,16,706072.8102942812,61.40494019879649,707001.9898422761
req_00071,protocol_valid,code_lora_0027,19,19,707976.511758694,60.19359799878051,709070.1770936721
req_00072,protocol_valid,finance_lora,102,102,708868.286829209,61.33117158447696,715072.7196072112
req_00073,protocol_valid,code_lora_0015,81,81,716070.8101720666,61.37836892521591,720992.1839250601
req_00074,protocol_valid,medical_lora,256,256,718931.6015855293,60.56315375688285,734386.963671539
req_00075,protocol_valid,gaming_lora_0010,256,256,733281.6365127219,60.53965039615172,748731.4488417469
req_00076,protocol_valid,translate_lora,256,256,745501.5636699973,60.563049062757806,760956.5609649871
req_00077,protocol_valid,medical_lora,256,256,760061.4054942271,60.65939676870281,775540.5796262203
req_00078,protocol_valid,research_lora_0008,189,189,775677.4244483677,60.613368760777064,787083.0051953672
req_00079,protocol_valid,finance_lora,225,225,786256.330179458,61.04428208475708,799942.2662344878
req_00080,protocol_valid,ecommerce_lora_0009,256,256,800808.4175141412,61.41016202357908,816479.6901191585
req_00081,protocol_valid,research_lora_0032,92,92,817789.8029439966,61.7951840555019,823423.5319489962
req_00082,protocol_valid,finance_lora,24,24,820946.9116433756,62.56262404317765,822394.0115753794
req_00083,protocol_valid,writing_lora_0011,152,152,820817.0453040511,61.281614854395244,830082.1222280501
req_00084,protocol_valid,finance_lora,46,46,829523.3540963964,62.319923732947146,832336.9984403835
req_00085,protocol_valid,education_lora_0007,52,52,832538.9196240576,61.43173980344014,835680.1418980467
req_00086,protocol_valid,education_lora_0019,112,112,835833.3751232713,61.23796863972235,842639.132537297
req_00087,protocol_valid,finance_lora,256,256,841435.006515705,60.900459082240204,856976.0977016995
req_00088,protocol_valid,support_lora,16,16,855793.8522189506,61.052487402533494,856717.7805899992
req_00089,protocol_valid,support_lora,256,256,856161.5172343445,60.57779586659379,871620.7367983297
req_00090,protocol_valid,writing_lora_0011,162,162,872434.4332278706,60.76346823594226,882228.4961668774
req_00091,protocol_valid,finance_lora,256,256,882704.2139001423,60.65759416076117,898183.8165921508
req_00092,protocol_valid,code_lora,193,193,892904.4767627493,61.052746156140834,904636.3844127045
req_00093,protocol_valid,medical_lora,256,256,903986.3321849261,61.13139529023137,919586.366341915
req_00094,protocol_valid,support_lora,256,256,918242.9120030138,60.60470658829253,933708.5786930402
req_00095,protocol_valid,medical_lora,156,156,933713.8756536879,61.2359634840921,943216.544222727
req_00096,protocol_valid,gaming_lora_0034,99,99,943851.4484917978,61.22310116366788,949861.5063338075
req_00097,protocol_valid,medical_lora_0026,256,256,950613.0094708642,60.63621626258371,966086.655749823
req_00098,protocol_valid,finance_lora,256,256,965900.2421902842,60.584961219608566,981360.9788722824
req_00099,protocol_valid,writing_lora_0023,256,256,978818.9000452985,60.51790476867966,994262.295970344
