field,unit,offered,valid,missing,null,invalid,zero,mean,p50,p95,max
worker_rpc_handler_wall_ms,ms,4000,4000,0,0,0,0,5188.587668087158,4055.5889129755087,12150.836120010354,17501.555136987008
worker_rpc_queue_ms,ms,4000,4000,0,0,0,0,2.2384392619132996,0.8747577667236328,1.7025470733642578,506.9608688354492
parent_rpc_wall_ms,ms,4000,4000,0,0,0,0,5669.979621447317,4613.896879018284,12780.416383000556,18541.947972029448
parent_rpc_overhead_ms,ms,4000,4000,0,0,0,0,481.39195336015837,166.42816801322624,1915.8016830333509,3887.760989018716
parent_rpc_channel_acquire_ms,ms,4000,4000,0,0,0,0,0.014650154102127999,0.009541981853544712,0.017668004147708416,13.9119119849056
parent_rpc_response_pickup_delay_ms,ms,4000,4000,0,0,0,0,478.95300137996674,162.72282600402832,1909.0147018432617,3886.420726776123
parent_rpc_thread_resume_delay_ms,ms,4000,4000,0,0,0,4000,0.0,0,0,0
parent_rpc_send_flush_ms,ms,4000,4000,0,0,0,0,0.12658279031165875,0.11415302287787199,0.16547396080568433,68.17728700116277
parent_rpc_wait_response_ms,ms,4000,4000,0,0,0,0,5669.37304565472,4613.419652974699,12779.748305038083,18541.507760004606
parent_rpc_request_bytes,bytes,4000,4000,0,0,0,0,12562.3425,13012,14553,15408
parent_rpc_response_bytes,bytes,4000,4000,0,0,0,0,1774.36375,1775,1780,1783
admission_to_engine_dispatch_ms,ms,4000,4000,0,0,0,0,1382.7367696638828,777.5670760311186,4773.87578896014,15440.653649973683
engine_entry_to_queue_ms,ms,4000,4000,0,0,0,0,145.06723867317487,59.87882998306304,531.3426640350372,1378.4667989821173
native_engine_queue_ms,ms,4000,4000,0,0,0,0,42.605410216143355,0.04351598909124732,322.8018279769458,1597.3080769763328
native_prefill_ms,ms,4000,4000,0,0,0,0,231.90525222536235,196.7284000129439,499.69667597906664,2294.456859002821
native_decode_ms,ms,4000,4000,0,0,0,0,4559.9614938122395,3454.342234006617,11517.35421596095,16329.596094961744
worker_completion_notification_ms,ms,4000,4000,0,0,0,0,87.68005092699605,57.22389300353825,381.6825129906647,1259.3988409498706
worker_to_controller_completion_ms,ms,4000,4000,0,0,0,0,479.7201581958361,163.45402697334066,1909.526208997704,3887.1784150251187
routing_decision_us,us,4000,4000,0,0,0,0,672110.191452,493833.01,2078523.744,4779314.919
adapter_path_resolution_us,us,4000,4000,0,0,0,4000,0.0,0,0,0
gpu_admission_decision_us,us,4000,4000,0,0,0,4000,0.0,0,0,0
control_path_total_us,us,4000,4000,0,0,0,0,672110.191452,493833.01,2078523.744,4779314.919
