round_dir,time_scale,adapter_pool_size,system_key,system,completed,ttft_avg_ms,ttft_p95_ms,e2e_avg_ms,e2e_p95_ms,tpot_avg_ms,tpot_p95_ms,tok_s,cost_req_usd,ce,cost_1mtok_usd,monetary_cost_total_usd,monetary_active_charge_gpu_seconds,monetary_idle_charge_gpu_seconds,infra_active_gpu_seconds,infra_idle_ready_gpu_seconds,infra_startup_gpu_seconds,serverless_invocation_cost_per_request_usd,tpot_ms,cost_startup_usd,cost_active_usd,cost_idle_ready_usd,cost_invocation_usd
/home/qhq/serverless_llm_baselines/results/paper_experiments/07_sensitivity_adapter_pool/20260428_095850_adapter_pool_p0_llama2_7b_r4000_a100_seed42_z1p0_hot16_rot500_s8_sensadpool_v1,8.0,100,faaslora,PrimeLoRA,4000.0,443.7877,707.3928,3003.6601,7025.5074,26.8231,33.45493718240937,102.382947,0.00252608,131.795863,2.9285,10.1043279,10699.493234,1425.700245,10532.15757,5987.941028,167.335664,0.0,26.8231,3.486159666954181e-05,0.002194197518930962,0.0002970208843994962,0.0
/home/qhq/serverless_llm_baselines/results/paper_experiments/07_sensitivity_adapter_pool/20260428_095850_adapter_pool_p0_llama2_7b_r4000_a100_seed42_z1p0_hot16_rot500_s8_sensadpool_v1,8.0,100,sglang,SGLang,4000.0,225.65,300.6,2374.87,5598.56,19.89,22.872594378275696,105.635,0.0035871,117.3853,4.14884912,14.3485209,17218.225021,0.0,8868.379326,8188.526058,161.319636,0.0,19.89,3.360825761516212e-05,0.0035534917423848383,0.0,0.0
/home/qhq/serverless_llm_baselines/results/paper_experiments/07_sensitivity_adapter_pool/20260428_095850_adapter_pool_p0_llama2_7b_r4000_a100_seed42_z1p0_hot16_rot500_s8_sensadpool_v1,8.0,100,vllm,vLLM,4000.0,462.48,1123.31,3111.25,7178.23,26.0,28.925541812900967,104.594,0.0036009,89.2588,4.16489851,14.4036768,17284.412117,0.0,10789.014891,6269.560757,225.836468,0.0,26.0,4.7049264283715385e-05,0.0035538507357162847,0.0,0.0
/home/qhq/serverless_llm_baselines/results/paper_experiments/07_sensitivity_adapter_pool/20260428_095850_adapter_pool_p0_llama2_7b_r4000_a100_seed42_z1p0_hot16_rot500_s8_sensadpool_v1,8.0,100,slora,S-LoRA,4000.0,262.51,339.99,3511.73,7821.54,27.98,32.49696290029003,116.489,0.0035957,79.1941,4.10367738,14.3829132,17259.495828,0.0,11915.442894,5142.432534,201.6204,0.0,27.98,4.200425002920427e-05,0.0035536957499707955,0.0,0.0
/home/qhq/serverless_llm_baselines/results/paper_experiments/07_sensitivity_adapter_pool/20260428_095850_adapter_pool_p0_llama2_7b_r4000_a100_seed42_z1p0_hot16_rot500_s8_sensadpool_v1,8.0,100,serverlessllm,ServerlessLLM,4000.0,236173.99,469770.4,238742.19,472725.98,25.05,26.740339490937888,98.403,0.0026571,1.5764,3.08115691,10.6285186,11186.03464,1568.18762,10969.741005,6586.388006,216.293634,0.0,25.05,4.506117396198238e-05,0.002285333070334421,0.0003267057557035965,0.0
/home/qhq/serverless_llm_baselines/results/paper_experiments/07_sensitivity_adapter_pool/20260428_095850_adapter_pool_p0_llama2_7b_r4000_a200_seed42_z1p0_hot24_rot500_s8_sensadpool_v1,8.0,200,faaslora,PrimeLoRA,4000.0,496.6134,791.069,3053.7993,7097.0064,26.8869,33.95263037964469,102.131348,0.00253441,129.205759,2.939,10.13765799,10751.91501,1413.274581,10585.450263,5935.753238,166.464747,0.0,26.8869,3.468015561644768e-05,0.002205297640081161,0.0002944322043023914,0.0
/home/qhq/serverless_llm_baselines/results/paper_experiments/07_sensitivity_adapter_pool/20260428_095850_adapter_pool_p0_llama2_7b_r4000_a200_seed42_z1p0_hot24_rot500_s8_sensadpool_v1,8.0,200,sglang,SGLang,4000.0,226.95,303.0,2351.3,5595.17,19.9,22.921986430199276,104.38,0.0035838,118.6713,4.15099003,14.3352822,17202.338613,0.0,8812.292679,8244.722113,145.32382,0.0,19.9,3.0275795880852834e-05,0.003553524204119147,0.0,0.0
/home/qhq/serverless_llm_baselines/results/paper_experiments/07_sensitivity_adapter_pool/20260428_095850_adapter_pool_p0_llama2_7b_r4000_a200_seed42_z1p0_hot24_rot500_s8_sensadpool_v1,8.0,200,vllm,vLLM,4000.0,477.85,1124.39,3134.19,7213.12,26.03,28.978656047425652,104.564,0.0036059,88.4825,4.17083653,14.4237162,17308.459412,0.0,10835.238349,6223.360135,249.860928,0.0,26.03,5.205436008420865e-05,0.0035538456399157913,0.0,0.0
/home/qhq/serverless_llm_baselines/results/paper_experiments/07_sensitivity_adapter_pool/20260428_095850_adapter_pool_p0_llama2_7b_r4000_a200_seed42_z1p0_hot24_rot500_s8_sensadpool_v1,8.0,200,slora,S-LoRA,4000.0,262.45,339.88,3531.23,7902.79,28.2,33.307130233419265,116.488,0.0036108,78.4267,4.1209397,14.443395,17332.074023,0.0,11957.851154,5100.073694,274.149176,0.0,28.2,5.711441159087473e-05,0.0035536855884091252,0.0,0.0
/home/qhq/serverless_llm_baselines/results/paper_experiments/07_sensitivity_adapter_pool/20260428_095850_adapter_pool_p0_llama2_7b_r4000_a200_seed42_z1p0_hot24_rot500_s8_sensadpool_v1,8.0,200,serverlessllm,ServerlessLLM,4000.0,236449.88,470263.79,239021.74,473179.7,25.13,26.7983592895494,98.381,0.0026723,1.5656,3.09875965,10.6890413,11280.649939,1546.199565,11064.374151,6494.038174,216.275788,0.0,25.13,4.5057456030047064e-05,0.0023051176331886063,0.0003221249107813464,0.0
/home/qhq/serverless_llm_baselines/results/paper_experiments/07_sensitivity_adapter_pool/20260428_095850_adapter_pool_p0_llama2_7b_r4000_a300_seed42_z1p0_hot32_rot500_s8_sensadpool_v1,8.0,300,faaslora,PrimeLoRA,4000.0,499.6568,749.9514,3048.9213,7101.2304,27.1472,35.135285390424535,101.881485,0.0025338,129.443777,2.9391,10.13520648,10748.012194,1414.235579,10584.346342,5939.789433,163.665852,0.0,27.1472,3.409705250841055e-05,0.002205070535127247,0.0002946324123643422,0.0
/home/qhq/serverless_llm_baselines/results/paper_experiments/07_sensitivity_adapter_pool/20260428_095850_adapter_pool_p0_llama2_7b_r4000_a300_seed42_z1p0_hot32_rot500_s8_sensadpool_v1,8.0,300,sglang,SGLang,4000.0,228.07,303.07,2375.12,5602.96,19.93,22.97526701464676,105.441,0.0035871,117.3724,4.14979476,14.348596,17218.315159,0.0,8877.317501,8179.576523,161.421136,0.0,19.93,3.362940341341117e-05,0.003553470596586589,0.0,0.0
/home/qhq/serverless_llm_baselines/results/paper_experiments/07_sensitivity_adapter_pool/20260428_095850_adapter_pool_p0_llama2_7b_r4000_a300_seed42_z1p0_hot32_rot500_s8_sensadpool_v1,8.0,300,vllm,vLLM,4000.0,483.42,1135.17,3142.91,7226.57,26.07,29.022323297561208,104.56,0.0036127,88.0707,4.17872789,14.4509687,17341.162483,0.0,10847.147101,6211.647311,282.368072,0.0,26.07,5.882668152079713e-05,0.003553873318479203,0.0,0.0
/home/qhq/serverless_llm_baselines/results/paper_experiments/07_sensitivity_adapter_pool/20260428_095850_adapter_pool_p0_llama2_7b_r4000_a300_seed42_z1p0_hot32_rot500_s8_sensadpool_v1,8.0,300,slora,S-LoRA,4000.0,262.2,340.93,3482.84,7704.55,27.76,32.68190761524105,116.49,0.0036293,79.1125,4.14197498,14.5171377,17420.565242,0.0,11859.040103,5198.754881,362.770256,0.0,27.76,7.557713665798988e-05,0.00355372286334201,0.0,0.0
/home/qhq/serverless_llm_baselines/results/paper_experiments/07_sensitivity_adapter_pool/20260428_095850_adapter_pool_p0_llama2_7b_r4000_a300_seed42_z1p0_hot32_rot500_s8_sensadpool_v1,8.0,300,serverlessllm,ServerlessLLM,4000.0,236248.35,470232.8,238819.83,473158.57,25.08,26.76231346518745,98.404,0.0026746,1.5656,3.10139082,10.6983624,11295.336755,1542.698109,11079.709049,6479.332058,215.627706,0.0,25.08,4.4922438805986685e-05,0.0023082821214184595,0.000321395439775554,0.0
/home/qhq/serverless_llm_baselines/results/paper_experiments/07_sensitivity_adapter_pool/20260428_095850_adapter_pool_p0_llama2_7b_r4000_a400_seed42_z1p0_hot40_rot500_s8_sensadpool_v1,8.0,400,faaslora,PrimeLoRA,4000.0,531.675,879.1264,3100.6122,7103.5125,27.2044,35.3397375556425,102.42633,0.00254866,126.543736,2.9545,10.19463973,10841.59489,1391.97279,10675.927217,5846.285719,165.667673,0.0,27.2044,3.451409853038162e-05,0.0022241515703144373,0.0002899943311551808,0.0
/home/qhq/serverless_llm_baselines/results/paper_experiments/07_sensitivity_adapter_pool/20260428_095850_adapter_pool_p0_llama2_7b_r4000_a400_seed42_z1p0_hot40_rot500_s8_sensadpool_v1,8.0,400,sglang,SGLang,4000.0,228.46,303.61,2351.05,5599.66,19.88,22.939962512243632,104.259,0.0035905,118.464,4.15927983,14.3618976,17234.277098,0.0,8786.872633,8270.000687,177.40378,0.0,19.88,3.6959120880512614e-05,0.0035535408791194873,0.0,0.0
/home/qhq/serverless_llm_baselines/results/paper_experiments/07_sensitivity_adapter_pool/20260428_095850_adapter_pool_p0_llama2_7b_r4000_a400_seed42_z1p0_hot40_rot500_s8_sensadpool_v1,8.0,400,vllm,vLLM,4000.0,494.31,1172.47,3163.13,7263.3,26.17,29.14445369387976,104.559,0.0036161,87.4273,4.18257898,14.464249,17357.098814,0.0,10893.12009,6165.522834,298.455892,0.0,26.17,6.217831078318116e-05,0.003553921689216819,0.0,0.0
/home/qhq/serverless_llm_baselines/results/paper_experiments/07_sensitivity_adapter_pool/20260428_095850_adapter_pool_p0_llama2_7b_r4000_a400_seed42_z1p0_hot40_rot500_s8_sensadpool_v1,8.0,400,slora,S-LoRA,4000.0,261.76,338.17,3459.07,7631.33,27.55,32.14525934190345,116.487,0.0036461,79.2895,4.16114767,14.5843025,17501.162942,0.0,11795.818935,5262.053057,443.290948,0.0,27.55,9.235228113939483e-05,0.0035537477188606055,0.0,0.0
/home/qhq/serverless_llm_baselines/results/paper_experiments/07_sensitivity_adapter_pool/20260428_095850_adapter_pool_p0_llama2_7b_r4000_a400_seed42_z1p0_hot40_rot500_s8_sensadpool_v1,8.0,400,serverlessllm,ServerlessLLM,4000.0,236974.73,471186.59,239546.01,473969.43,25.11,26.701667886791807,98.389,0.0026776,1.5591,3.10479388,10.7103404,11312.820117,1539.588406,11100.934656,6466.271306,211.885461,0.0,25.11,4.414280422731246e-05,0.002312709612262472,0.0003207475835102157,0.0
/home/qhq/serverless_llm_baselines/results/paper_experiments/03_main_comparison/20260424_104050_llama2_7b_r4000_a500_seed42_z1p0_hot48_rot500_s8_mainv1,8.0,500,faaslora,PrimeLoRA,4000.0,563.9507,1015.4881,3167.2217,7206.746,28.6274,39.44787753946742,102.750526,0.00256652,123.02045,2.9741,10.26606983,10954.252041,1365.03175,10788.55221,5733.133349,165.699831,0.0,28.6274,3.452079813901088e-05,0.0022476175871622346,0.0002843816146987547,0.0
/home/qhq/serverless_llm_baselines/results/paper_experiments/03_main_comparison/20260424_104050_llama2_7b_r4000_a500_seed42_z1p0_hot48_rot500_s8_mainv1,8.0,500,sglang,SGLang,4000.0,229.8,305.21,2384.69,5619.52,19.96,23.05333501118598,105.597,0.0036377,115.2768,4.20749821,14.5507953,17460.954323,0.0,8904.241126,8153.379974,403.333224,0.0,19.96,8.402775517805595e-05,0.003553672244821944,0.0,0.0
/home/qhq/serverless_llm_baselines/results/paper_experiments/03_main_comparison/20260424_104050_llama2_7b_r4000_a500_seed42_z1p0_hot48_rot500_s8_mainv1,8.0,500,vllm,vLLM,4000.0,517.36,1284.75,3223.25,7391.07,26.57,29.762221684344397,104.539,0.0036413,85.2015,4.21188938,14.565261,17478.313213,0.0,11022.204238,6036.349042,419.759932,0.0,26.57,8.744998576828987e-05,0.0035538500142317103,0.0,0.0
/home/qhq/serverless_llm_baselines/results/paper_experiments/03_main_comparison/20260424_104050_llama2_7b_r4000_a500_seed42_z1p0_hot48_rot500_s8_mainv1,8.0,500,slora,S-LoRA,4000.0,284.23,419.33,3591.19,8081.07,28.52,34.39981667579559,116.483,0.003698,75.2993,4.22046298,14.7921277,17750.553211,0.0,12069.863262,4987.987682,692.702268,0.0,28.52,0.0001443129727357716,0.0035536870272642285,0.0,0.0
/home/qhq/serverless_llm_baselines/results/paper_experiments/03_main_comparison/20260424_104050_llama2_7b_r4000_a500_seed42_z1p0_hot48_rot500_s8_mainv1,8.0,500,serverlessllm,ServerlessLLM,4000.0,235998.66,469501.74,238580.99,472473.72,25.16,26.873626358368817,98.427,0.0026861,1.5604,3.11467814,10.7442785,11368.778063,1524.356106,11155.637959,6402.295647,213.140105,0.0,25.16,4.440418864843124e-05,0.0023241216218379997,0.0003175741895135692,0.0
