model,scenario,run_tag,source,request_id,adapter_id,instance_id,dispatch_tier,service_tier,transition,potentially_stale_signal,selected_instance_age_s,overall_ttft_ms
llama2_7b_main_v2_publicmix,faaslora_full,llama2_7b_r4000_a500_seed42_z1p0_hot48_rot500_s8_controlpath_v1,/home/qhq/serverless_llm_experiment/results/experiment_results_full_vllm_auto_a500_r4000_c4_faaslora_full_llama2_7b_r4000_a500_seed42_z1p0_hot48_rot500_s8_controlpath_v1.json,req_00008,research_lora_0008,inst_1,gpu,nvme,demoted_before_service,True,64.27191281318665,3963.3826001081616
llama2_7b_main_v2_publicmix,faaslora_full,llama2_7b_r4000_a500_seed42_z1p0_hot48_rot500_s8_controlpath_v1,/home/qhq/serverless_llm_experiment/results/experiment_results_full_vllm_auto_a500_r4000_c4_faaslora_full_llama2_7b_r4000_a500_seed42_z1p0_hot48_rot500_s8_controlpath_v1.json,req_00020,finance_lora,inst_2,gpu,host,demoted_before_service,True,0.4515867233276367,9451.377798213798
llama2_7b_main_v2_publicmix,faaslora_full,llama2_7b_r4000_a500_seed42_z1p0_hot48_rot500_s8_controlpath_v1,/home/qhq/serverless_llm_experiment/results/experiment_results_full_vllm_auto_a500_r4000_c4_faaslora_full_llama2_7b_r4000_a500_seed42_z1p0_hot48_rot500_s8_controlpath_v1.json,req_00023,medical_lora,inst_3,host,gpu,promoted_before_service,True,0.02091193199157715,9670.409635938995
llama2_7b_main_v2_publicmix,faaslora_full,llama2_7b_r4000_a500_seed42_z1p0_hot48_rot500_s8_controlpath_v1,/home/qhq/serverless_llm_experiment/results/experiment_results_full_vllm_auto_a500_r4000_c4_faaslora_full_llama2_7b_r4000_a500_seed42_z1p0_hot48_rot500_s8_controlpath_v1.json,req_00043,legal_lora,inst_4,gpu,host,demoted_before_service,True,20.958903312683105,445.8919916069135
llama2_7b_main_v2_publicmix,faaslora_full,llama2_7b_r4000_a500_seed42_z1p0_hot48_rot500_s8_controlpath_v1,/home/qhq/serverless_llm_experiment/results/experiment_results_full_vllm_auto_a500_r4000_c4_faaslora_full_llama2_7b_r4000_a500_seed42_z1p0_hot48_rot500_s8_controlpath_v1.json,req_00049,medical_lora_0026,inst_2,remote,nvme,promoted_before_service,True,41.35994625091553,410.455746743537
llama2_7b_main_v2_publicmix,faaslora_full,llama2_7b_r4000_a500_seed42_z1p0_hot48_rot500_s8_controlpath_v1,/home/qhq/serverless_llm_experiment/results/experiment_results_full_vllm_auto_a500_r4000_c4_faaslora_full_llama2_7b_r4000_a500_seed42_z1p0_hot48_rot500_s8_controlpath_v1.json,req_00063,writing_lora_0035,inst_2,remote,nvme,promoted_before_service,True,69.15710115432739,671.1701729145716
llama2_7b_main_v2_publicmix,faaslora_full,llama2_7b_r4000_a500_seed42_z1p0_hot48_rot500_s8_controlpath_v1,/home/qhq/serverless_llm_experiment/results/experiment_results_full_vllm_auto_a500_r4000_c4_faaslora_full_llama2_7b_r4000_a500_seed42_z1p0_hot48_rot500_s8_controlpath_v1.json,req_00107,security_lora_0048,inst_2,remote,nvme,promoted_before_service,True,126.17398524284363,708.7887456946191
llama2_7b_main_v2_publicmix,faaslora_full,llama2_7b_r4000_a500_seed42_z1p0_hot48_rot500_s8_controlpath_v1,/home/qhq/serverless_llm_experiment/results/experiment_results_full_vllm_auto_a500_r4000_c4_faaslora_full_llama2_7b_r4000_a500_seed42_z1p0_hot48_rot500_s8_controlpath_v1.json,req_00114,legal_lora_0041,inst_1,remote,nvme,promoted_before_service,True,225.54179453849792,619.0048937642132
llama2_7b_main_v2_publicmix,faaslora_full,llama2_7b_r4000_a500_seed42_z1p0_hot48_rot500_s8_controlpath_v1,/home/qhq/serverless_llm_experiment/results/experiment_results_full_vllm_auto_a500_r4000_c4_faaslora_full_llama2_7b_r4000_a500_seed42_z1p0_hot48_rot500_s8_controlpath_v1.json,req_00501,research_lora_0056,inst_2,remote,nvme,promoted_before_service,True,549.4149272441864,588.7006554621621
llama2_7b_main_v2_publicmix,faaslora_full,llama2_7b_r4000_a500_seed42_z1p0_hot48_rot500_s8_controlpath_v1,/home/qhq/serverless_llm_experiment/results/experiment_results_full_vllm_auto_a500_r4000_c4_faaslora_full_llama2_7b_r4000_a500_seed42_z1p0_hot48_rot500_s8_controlpath_v1.json,req_00534,writing_lora_0059,inst_1,remote,nvme,promoted_before_service,True,692.2696821689606,704.8257337446557
llama2_7b_main_v2_publicmix,faaslora_full,llama2_7b_r4000_a500_seed42_z1p0_hot48_rot500_s8_controlpath_v1,/home/qhq/serverless_llm_experiment/results/experiment_results_full_vllm_auto_a500_r4000_c4_faaslora_full_llama2_7b_r4000_a500_seed42_z1p0_hot48_rot500_s8_controlpath_v1.json,req_00553,translate_lora_0054,inst_3,remote,nvme,promoted_before_service,True,625.5193135738373,480.3359491415904
llama2_7b_main_v2_publicmix,faaslora_full,llama2_7b_r4000_a500_seed42_z1p0_hot48_rot500_s8_controlpath_v1,/home/qhq/serverless_llm_experiment/results/experiment_results_full_vllm_auto_a500_r4000_c4_faaslora_full_llama2_7b_r4000_a500_seed42_z1p0_hot48_rot500_s8_controlpath_v1.json,req_00560,education_lora_0055,inst_1,remote,nvme,promoted_before_service,True,727.4717152118683,500.98620700009633
llama2_7b_main_v2_publicmix,faaslora_full,llama2_7b_r4000_a500_seed42_z1p0_hot48_rot500_s8_controlpath_v1,/home/qhq/serverless_llm_experiment/results/experiment_results_full_vllm_auto_a500_r4000_c4_faaslora_full_llama2_7b_r4000_a500_seed42_z1p0_hot48_rot500_s8_controlpath_v1.json,req_00673,ecommerce_lora_0057,inst_2,remote,nvme,promoted_before_service,True,708.0580863952637,508.6636609630659
llama2_7b_main_v2_publicmix,faaslora_full,llama2_7b_r4000_a500_seed42_z1p0_hot48_rot500_s8_controlpath_v1,/home/qhq/serverless_llm_experiment/results/experiment_results_full_vllm_auto_a500_r4000_c4_faaslora_full_llama2_7b_r4000_a500_seed42_z1p0_hot48_rot500_s8_controlpath_v1.json,req_00727,gaming_lora_0058,inst_2,remote,nvme,promoted_before_service,True,732.9693622589111,629.0802130024531
llama2_7b_main_v2_publicmix,faaslora_full,llama2_7b_r4000_a500_seed42_z1p0_hot48_rot500_s8_controlpath_v1,/home/qhq/serverless_llm_experiment/results/experiment_results_full_vllm_auto_a500_r4000_c4_faaslora_full_llama2_7b_r4000_a500_seed42_z1p0_hot48_rot500_s8_controlpath_v1.json,req_00750,code_lora_0051,inst_2,remote,nvme,promoted_before_service,True,751.1576557159424,638.9640752240666
llama2_7b_main_v2_publicmix,faaslora_full,llama2_7b_r4000_a500_seed42_z1p0_hot48_rot500_s8_controlpath_v1,/home/qhq/serverless_llm_experiment/results/experiment_results_full_vllm_auto_a500_r4000_c4_faaslora_full_llama2_7b_r4000_a500_seed42_z1p0_hot48_rot500_s8_controlpath_v1.json,req_00764,security_lora_0060,inst_2,remote,nvme,promoted_before_service,True,760.5400774478912,668.7965612800326
llama2_7b_main_v2_publicmix,faaslora_full,llama2_7b_r4000_a500_seed42_z1p0_hot48_rot500_s8_controlpath_v1,/home/qhq/serverless_llm_experiment/results/experiment_results_full_vllm_auto_a500_r4000_c4_faaslora_full_llama2_7b_r4000_a500_seed42_z1p0_hot48_rot500_s8_controlpath_v1.json,req_00809,support_lora_0052,inst_1,remote,nvme,promoted_before_service,True,901.3569314479828,626.3680135889445
llama2_7b_main_v2_publicmix,faaslora_full,llama2_7b_r4000_a500_seed42_z1p0_hot48_rot500_s8_controlpath_v1,/home/qhq/serverless_llm_experiment/results/experiment_results_full_vllm_auto_a500_r4000_c4_faaslora_full_llama2_7b_r4000_a500_seed42_z1p0_hot48_rot500_s8_controlpath_v1.json,req_00907,legal_lora_0053,inst_2,remote,nvme,promoted_before_service,True,972.3461124897003,748.0422105145408
llama2_7b_main_v2_publicmix,faaslora_full,llama2_7b_r4000_a500_seed42_z1p0_hot48_rot500_s8_controlpath_v1,/home/qhq/serverless_llm_experiment/results/experiment_results_full_vllm_auto_a500_r4000_c4_faaslora_full_llama2_7b_r4000_a500_seed42_z1p0_hot48_rot500_s8_controlpath_v1.json,req_01002,code_lora_0063,inst_2,remote,nvme,promoted_before_service,True,1015.7498331069946,3334.6455255523324
llama2_7b_main_v2_publicmix,faaslora_full,llama2_7b_r4000_a500_seed42_z1p0_hot48_rot500_s8_controlpath_v1,/home/qhq/serverless_llm_experiment/results/experiment_results_full_vllm_auto_a500_r4000_c4_faaslora_full_llama2_7b_r4000_a500_seed42_z1p0_hot48_rot500_s8_controlpath_v1.json,req_01005,education_lora_0067,inst_4,remote,nvme,promoted_before_service,True,1005.9565291404724,3065.6722748317407
llama2_7b_main_v2_publicmix,faaslora_full,llama2_7b_r4000_a500_seed42_z1p0_hot48_rot500_s8_controlpath_v1,/home/qhq/serverless_llm_experiment/results/experiment_results_full_vllm_auto_a500_r4000_c4_faaslora_full_llama2_7b_r4000_a500_seed42_z1p0_hot48_rot500_s8_controlpath_v1.json,req_01013,translate_lora_0066,inst_3,remote,nvme,promoted_before_service,True,1019.6524620056152,632.3123196343658
llama2_7b_main_v2_publicmix,faaslora_full,llama2_7b_r4000_a500_seed42_z1p0_hot48_rot500_s8_controlpath_v1,/home/qhq/serverless_llm_experiment/results/experiment_results_full_vllm_auto_a500_r4000_c4_faaslora_full_llama2_7b_r4000_a500_seed42_z1p0_hot48_rot500_s8_controlpath_v1.json,req_01024,support_lora_0064,inst_4,remote,nvme,promoted_before_service,True,1020.0445733070374,716.7137901778915
llama2_7b_main_v2_publicmix,faaslora_full,llama2_7b_r4000_a500_seed42_z1p0_hot48_rot500_s8_controlpath_v1,/home/qhq/serverless_llm_experiment/results/experiment_results_full_vllm_auto_a500_r4000_c4_faaslora_full_llama2_7b_r4000_a500_seed42_z1p0_hot48_rot500_s8_controlpath_v1.json,req_01025,finance_lora_0061,inst_4,remote,nvme,promoted_before_service,True,1020.3184633255005,744.3705721016158
llama2_7b_main_v2_publicmix,faaslora_full,llama2_7b_r4000_a500_seed42_z1p0_hot48_rot500_s8_controlpath_v1,/home/qhq/serverless_llm_experiment/results/experiment_results_full_vllm_auto_a500_r4000_c4_faaslora_full_llama2_7b_r4000_a500_seed42_z1p0_hot48_rot500_s8_controlpath_v1.json,req_01034,ecommerce_lora_0069,inst_2,remote,nvme,promoted_before_service,True,1044.074658870697,572.4845542863477
llama2_7b_main_v2_publicmix,faaslora_full,llama2_7b_r4000_a500_seed42_z1p0_hot48_rot500_s8_controlpath_v1,/home/qhq/serverless_llm_experiment/results/experiment_results_full_vllm_auto_a500_r4000_c4_faaslora_full_llama2_7b_r4000_a500_seed42_z1p0_hot48_rot500_s8_controlpath_v1.json,req_01052,medical_lora_0062,inst_4,remote,nvme,promoted_before_service,True,1044.8226222991943,601.3958930925583
llama2_7b_main_v2_publicmix,faaslora_full,llama2_7b_r4000_a500_seed42_z1p0_hot48_rot500_s8_controlpath_v1,/home/qhq/serverless_llm_experiment/results/experiment_results_full_vllm_auto_a500_r4000_c4_faaslora_full_llama2_7b_r4000_a500_seed42_z1p0_hot48_rot500_s8_controlpath_v1.json,req_01062,research_lora_0068,inst_4,remote,nvme,promoted_before_service,True,1055.6593294143677,586.9298304096446
llama2_7b_main_v2_publicmix,faaslora_full,llama2_7b_r4000_a500_seed42_z1p0_hot48_rot500_s8_controlpath_v1,/home/qhq/serverless_llm_experiment/results/experiment_results_full_vllm_auto_a500_r4000_c4_faaslora_full_llama2_7b_r4000_a500_seed42_z1p0_hot48_rot500_s8_controlpath_v1.json,req_01087,legal_lora_0065,inst_3,remote,nvme,promoted_before_service,True,1075.5811755657196,961.4556272645132
llama2_7b_main_v2_publicmix,faaslora_full,llama2_7b_r4000_a500_seed42_z1p0_hot48_rot500_s8_controlpath_v1,/home/qhq/serverless_llm_experiment/results/experiment_results_full_vllm_auto_a500_r4000_c4_faaslora_full_llama2_7b_r4000_a500_seed42_z1p0_hot48_rot500_s8_controlpath_v1.json,req_01094,gaming_lora_0070,inst_3,remote,nvme,promoted_before_service,True,1077.896675825119,684.3451656459365
llama2_7b_main_v2_publicmix,faaslora_full,llama2_7b_r4000_a500_seed42_z1p0_hot48_rot500_s8_controlpath_v1,/home/qhq/serverless_llm_experiment/results/experiment_results_full_vllm_auto_a500_r4000_c4_faaslora_full_llama2_7b_r4000_a500_seed42_z1p0_hot48_rot500_s8_controlpath_v1.json,req_01101,writing_lora_0071,inst_2,remote,nvme,promoted_before_service,True,1088.0759613513947,774.3024965311633
llama2_7b_main_v2_publicmix,faaslora_full,llama2_7b_r4000_a500_seed42_z1p0_hot48_rot500_s8_controlpath_v1,/home/qhq/serverless_llm_experiment/results/experiment_results_full_vllm_auto_a500_r4000_c4_faaslora_full_llama2_7b_r4000_a500_seed42_z1p0_hot48_rot500_s8_controlpath_v1.json,req_01230,security_lora_0072,inst_2,remote,nvme,promoted_before_service,True,1259.4287858009338,798.466694621311
llama2_7b_main_v2_publicmix,faaslora_full,llama2_7b_r4000_a500_seed42_z1p0_hot48_rot500_s8_controlpath_v1,/home/qhq/serverless_llm_experiment/results/experiment_results_full_vllm_auto_a500_r4000_c4_faaslora_full_llama2_7b_r4000_a500_seed42_z1p0_hot48_rot500_s8_controlpath_v1.json,req_01545,education_lora_0079,inst_2,remote,nvme,promoted_before_service,True,1505.4741134643555,493.68310662976
llama2_7b_main_v2_publicmix,faaslora_full,llama2_7b_r4000_a500_seed42_z1p0_hot48_rot500_s8_controlpath_v1,/home/qhq/serverless_llm_experiment/results/experiment_results_full_vllm_auto_a500_r4000_c4_faaslora_full_llama2_7b_r4000_a500_seed42_z1p0_hot48_rot500_s8_controlpath_v1.json,req_01547,gaming_lora_0082,inst_1,remote,nvme,promoted_before_service,True,1595.8054683208466,700.0166880679899
llama2_7b_main_v2_publicmix,faaslora_full,llama2_7b_r4000_a500_seed42_z1p0_hot48_rot500_s8_controlpath_v1,/home/qhq/serverless_llm_experiment/results/experiment_results_full_vllm_auto_a500_r4000_c4_faaslora_full_llama2_7b_r4000_a500_seed42_z1p0_hot48_rot500_s8_controlpath_v1.json,req_01548,security_lora_0084,inst_4,remote,nvme,promoted_before_service,True,1498.3127238750458,826.8849966698326
llama2_7b_main_v2_publicmix,faaslora_full,llama2_7b_r4000_a500_seed42_z1p0_hot48_rot500_s8_controlpath_v1,/home/qhq/serverless_llm_experiment/results/experiment_results_full_vllm_auto_a500_r4000_c4_faaslora_full_llama2_7b_r4000_a500_seed42_z1p0_hot48_rot500_s8_controlpath_v1.json,req_01607,translate_lora_0078,inst_3,remote,nvme,promoted_before_service,True,1555.9097707271576,707.8591830650112
llama2_7b_main_v2_publicmix,faaslora_full,llama2_7b_r4000_a500_seed42_z1p0_hot48_rot500_s8_controlpath_v1,/home/qhq/serverless_llm_experiment/results/experiment_results_full_vllm_auto_a500_r4000_c4_faaslora_full_llama2_7b_r4000_a500_seed42_z1p0_hot48_rot500_s8_controlpath_v1.json,req_01645,medical_lora_0074,inst_2,remote,nvme,promoted_before_service,True,1587.0488030910492,665.9753216008539
llama2_7b_main_v2_publicmix,faaslora_full,llama2_7b_r4000_a500_seed42_z1p0_hot48_rot500_s8_controlpath_v1,/home/qhq/serverless_llm_experiment/results/experiment_results_full_vllm_auto_a500_r4000_c4_faaslora_full_llama2_7b_r4000_a500_seed42_z1p0_hot48_rot500_s8_controlpath_v1.json,req_01738,research_lora_0080,inst_1,remote,nvme,promoted_before_service,True,1728.2814667224884,886.5812031581299
llama2_7b_main_v2_publicmix,faaslora_full,llama2_7b_r4000_a500_seed42_z1p0_hot48_rot500_s8_controlpath_v1,/home/qhq/serverless_llm_experiment/results/experiment_results_full_vllm_auto_a500_r4000_c4_faaslora_full_llama2_7b_r4000_a500_seed42_z1p0_hot48_rot500_s8_controlpath_v1.json,req_01762,code_lora_0075,inst_1,remote,nvme,promoted_before_service,True,1733.9403619766235,861.8448687848286
llama2_7b_main_v2_publicmix,faaslora_full,llama2_7b_r4000_a500_seed42_z1p0_hot48_rot500_s8_controlpath_v1,/home/qhq/serverless_llm_experiment/results/experiment_results_full_vllm_auto_a500_r4000_c4_faaslora_full_llama2_7b_r4000_a500_seed42_z1p0_hot48_rot500_s8_controlpath_v1.json,req_01782,support_lora_0076,inst_3,remote,nvme,promoted_before_service,True,1655.4774663448334,700.5758356463048
llama2_7b_main_v2_publicmix,faaslora_full,llama2_7b_r4000_a500_seed42_z1p0_hot48_rot500_s8_controlpath_v1,/home/qhq/serverless_llm_experiment/results/experiment_results_full_vllm_auto_a500_r4000_c4_faaslora_full_llama2_7b_r4000_a500_seed42_z1p0_hot48_rot500_s8_controlpath_v1.json,req_01855,ecommerce_lora_0081,inst_3,remote,nvme,promoted_before_service,True,1711.4266998767853,988.3900130080292
llama2_7b_main_v2_publicmix,faaslora_full,llama2_7b_r4000_a500_seed42_z1p0_hot48_rot500_s8_controlpath_v1,/home/qhq/serverless_llm_experiment/results/experiment_results_full_vllm_auto_a500_r4000_c4_faaslora_full_llama2_7b_r4000_a500_seed42_z1p0_hot48_rot500_s8_controlpath_v1.json,req_01875,finance_lora_0073,inst_3,remote,nvme,promoted_before_service,True,1725.450169801712,666.5356249213801
llama2_7b_main_v2_publicmix,faaslora_full,llama2_7b_r4000_a500_seed42_z1p0_hot48_rot500_s8_controlpath_v1,/home/qhq/serverless_llm_experiment/results/experiment_results_full_vllm_auto_a500_r4000_c4_faaslora_full_llama2_7b_r4000_a500_seed42_z1p0_hot48_rot500_s8_controlpath_v1.json,req_01910,writing_lora_0083,inst_1,remote,nvme,promoted_before_service,True,1846.2140626907349,750.9775501166587
llama2_7b_main_v2_publicmix,faaslora_full,llama2_7b_r4000_a500_seed42_z1p0_hot48_rot500_s8_controlpath_v1,/home/qhq/serverless_llm_experiment/results/experiment_results_full_vllm_auto_a500_r4000_c4_faaslora_full_llama2_7b_r4000_a500_seed42_z1p0_hot48_rot500_s8_controlpath_v1.json,req_02040,ecommerce_lora_0093,inst_2,remote,nvme,promoted_before_service,True,1872.213299036026,686.5237678211997
llama2_7b_main_v2_publicmix,faaslora_full,llama2_7b_r4000_a500_seed42_z1p0_hot48_rot500_s8_controlpath_v1,/home/qhq/serverless_llm_experiment/results/experiment_results_full_vllm_auto_a500_r4000_c4_faaslora_full_llama2_7b_r4000_a500_seed42_z1p0_hot48_rot500_s8_controlpath_v1.json,req_02051,security_lora_0096,inst_2,remote,nvme,promoted_before_service,True,1877.7153253555298,589.0647365304176
llama2_7b_main_v2_publicmix,faaslora_full,llama2_7b_r4000_a500_seed42_z1p0_hot48_rot500_s8_controlpath_v1,/home/qhq/serverless_llm_experiment/results/experiment_results_full_vllm_auto_a500_r4000_c4_faaslora_full_llama2_7b_r4000_a500_seed42_z1p0_hot48_rot500_s8_controlpath_v1.json,req_02063,medical_lora_0086,inst_1,remote,nvme,promoted_before_service,True,1972.5067846775055,759.2595455207629
llama2_7b_main_v2_publicmix,faaslora_full,llama2_7b_r4000_a500_seed42_z1p0_hot48_rot500_s8_controlpath_v1,/home/qhq/serverless_llm_experiment/results/experiment_results_full_vllm_auto_a500_r4000_c4_faaslora_full_llama2_7b_r4000_a500_seed42_z1p0_hot48_rot500_s8_controlpath_v1.json,req_02064,support_lora_0088,inst_1,remote,nvme,promoted_before_service,True,1974.1188490390778,747.1313292116974
llama2_7b_main_v2_publicmix,faaslora_full,llama2_7b_r4000_a500_seed42_z1p0_hot48_rot500_s8_controlpath_v1,/home/qhq/serverless_llm_experiment/results/experiment_results_full_vllm_auto_a500_r4000_c4_faaslora_full_llama2_7b_r4000_a500_seed42_z1p0_hot48_rot500_s8_controlpath_v1.json,req_02131,legal_lora_0089,inst_2,remote,nvme,promoted_before_service,True,1944.9377574920654,724.8248575269827
llama2_7b_main_v2_publicmix,faaslora_full,llama2_7b_r4000_a500_seed42_z1p0_hot48_rot500_s8_controlpath_v1,/home/qhq/serverless_llm_experiment/results/experiment_results_full_vllm_auto_a500_r4000_c4_faaslora_full_llama2_7b_r4000_a500_seed42_z1p0_hot48_rot500_s8_controlpath_v1.json,req_02158,legal_lora_0077,inst_2,remote,nvme,promoted_before_service,True,1955.6307480335236,778.5716952712392
llama2_7b_main_v2_publicmix,faaslora_full,llama2_7b_r4000_a500_seed42_z1p0_hot48_rot500_s8_controlpath_v1,/home/qhq/serverless_llm_experiment/results/experiment_results_full_vllm_auto_a500_r4000_c4_faaslora_full_llama2_7b_r4000_a500_seed42_z1p0_hot48_rot500_s8_controlpath_v1.json,req_02164,education_lora_0091,inst_1,remote,nvme,promoted_before_service,True,2044.28524518013,665.9574885779875
llama2_7b_main_v2_publicmix,faaslora_full,llama2_7b_r4000_a500_seed42_z1p0_hot48_rot500_s8_controlpath_v1,/home/qhq/serverless_llm_experiment/results/experiment_results_full_vllm_auto_a500_r4000_c4_faaslora_full_llama2_7b_r4000_a500_seed42_z1p0_hot48_rot500_s8_controlpath_v1.json,req_02166,translate_lora_0090,inst_1,remote,nvme,promoted_before_service,True,2048.222107887268,2614.870800251083
llama2_7b_main_v2_publicmix,faaslora_full,llama2_7b_r4000_a500_seed42_z1p0_hot48_rot500_s8_controlpath_v1,/home/qhq/serverless_llm_experiment/results/experiment_results_full_vllm_auto_a500_r4000_c4_faaslora_full_llama2_7b_r4000_a500_seed42_z1p0_hot48_rot500_s8_controlpath_v1.json,req_02270,finance_lora_0085,inst_4,remote,nvme,promoted_before_service,True,2020.6303341388702,617.3990635434166
llama2_7b_main_v2_publicmix,faaslora_full,llama2_7b_r4000_a500_seed42_z1p0_hot48_rot500_s8_controlpath_v1,/home/qhq/serverless_llm_experiment/results/experiment_results_full_vllm_auto_a500_r4000_c4_faaslora_full_llama2_7b_r4000_a500_seed42_z1p0_hot48_rot500_s8_controlpath_v1.json,req_02288,writing_lora_0095,inst_4,remote,nvme,promoted_before_service,True,2027.873049736023,991.8947677433607
llama2_7b_main_v2_publicmix,faaslora_full,llama2_7b_r4000_a500_seed42_z1p0_hot48_rot500_s8_controlpath_v1,/home/qhq/serverless_llm_experiment/results/experiment_results_full_vllm_auto_a500_r4000_c4_faaslora_full_llama2_7b_r4000_a500_seed42_z1p0_hot48_rot500_s8_controlpath_v1.json,req_02344,gaming_lora_0094,inst_2,remote,nvme,promoted_before_service,True,2075.852793931961,841.5336046818993
llama2_7b_main_v2_publicmix,faaslora_full,llama2_7b_r4000_a500_seed42_z1p0_hot48_rot500_s8_controlpath_v1,/home/qhq/serverless_llm_experiment/results/experiment_results_full_vllm_auto_a500_r4000_c4_faaslora_full_llama2_7b_r4000_a500_seed42_z1p0_hot48_rot500_s8_controlpath_v1.json,req_02370,research_lora_0092,inst_3,remote,nvme,promoted_before_service,True,2086.388248682022,718.4291699522873
llama2_7b_main_v2_publicmix,faaslora_full,llama2_7b_r4000_a500_seed42_z1p0_hot48_rot500_s8_controlpath_v1,/home/qhq/serverless_llm_experiment/results/experiment_results_full_vllm_auto_a500_r4000_c4_faaslora_full_llama2_7b_r4000_a500_seed42_z1p0_hot48_rot500_s8_controlpath_v1.json,req_02400,code_lora_0087,inst_3,remote,nvme,promoted_before_service,True,2117.3302989006042,696.049604601285
llama2_7b_main_v2_publicmix,faaslora_full,llama2_7b_r4000_a500_seed42_z1p0_hot48_rot500_s8_controlpath_v1,/home/qhq/serverless_llm_experiment/results/experiment_results_full_vllm_auto_a500_r4000_c4_faaslora_full_llama2_7b_r4000_a500_seed42_z1p0_hot48_rot500_s8_controlpath_v1.json,req_02507,security_lora_0108,inst_3,remote,nvme,promoted_before_service,True,2204.4569733142853,598.5958988967468
llama2_7b_main_v2_publicmix,faaslora_full,llama2_7b_r4000_a500_seed42_z1p0_hot48_rot500_s8_controlpath_v1,/home/qhq/serverless_llm_experiment/results/experiment_results_full_vllm_auto_a500_r4000_c4_faaslora_full_llama2_7b_r4000_a500_seed42_z1p0_hot48_rot500_s8_controlpath_v1.json,req_02530,ecommerce_lora_0105,inst_4,remote,nvme,promoted_before_service,True,2224.34415602684,558.9714854577323
llama2_7b_main_v2_publicmix,faaslora_full,llama2_7b_r4000_a500_seed42_z1p0_hot48_rot500_s8_controlpath_v1,/home/qhq/serverless_llm_experiment/results/experiment_results_full_vllm_auto_a500_r4000_c4_faaslora_full_llama2_7b_r4000_a500_seed42_z1p0_hot48_rot500_s8_controlpath_v1.json,req_02547,finance_lora_0097,inst_4,remote,nvme,promoted_before_service,True,2238.8732495307922,742.0014754170552
llama2_7b_main_v2_publicmix,faaslora_full,llama2_7b_r4000_a500_seed42_z1p0_hot48_rot500_s8_controlpath_v1,/home/qhq/serverless_llm_experiment/results/experiment_results_full_vllm_auto_a500_r4000_c4_faaslora_full_llama2_7b_r4000_a500_seed42_z1p0_hot48_rot500_s8_controlpath_v1.json,req_02597,education_lora_0103,inst_3,remote,nvme,promoted_before_service,True,2280.4616527557373,769.0404843015131
llama2_7b_main_v2_publicmix,faaslora_full,llama2_7b_r4000_a500_seed42_z1p0_hot48_rot500_s8_controlpath_v1,/home/qhq/serverless_llm_experiment/results/experiment_results_full_vllm_auto_a500_r4000_c4_faaslora_full_llama2_7b_r4000_a500_seed42_z1p0_hot48_rot500_s8_controlpath_v1.json,req_02607,support_lora_0100,inst_2,remote,nvme,promoted_before_service,True,2287.76101398468,697.3259372753091
llama2_7b_main_v2_publicmix,faaslora_full,llama2_7b_r4000_a500_seed42_z1p0_hot48_rot500_s8_controlpath_v1,/home/qhq/serverless_llm_experiment/results/experiment_results_full_vllm_auto_a500_r4000_c4_faaslora_full_llama2_7b_r4000_a500_seed42_z1p0_hot48_rot500_s8_controlpath_v1.json,req_02659,legal_lora_0101,inst_1,remote,nvme,promoted_before_service,True,2412.9083154201508,993.3627530481317
llama2_7b_main_v2_publicmix,faaslora_full,llama2_7b_r4000_a500_seed42_z1p0_hot48_rot500_s8_controlpath_v1,/home/qhq/serverless_llm_experiment/results/experiment_results_full_vllm_auto_a500_r4000_c4_faaslora_full_llama2_7b_r4000_a500_seed42_z1p0_hot48_rot500_s8_controlpath_v1.json,req_02686,writing_lora_0107,inst_1,remote,nvme,promoted_before_service,True,2441.0173592567444,638.2556698445114
llama2_7b_main_v2_publicmix,faaslora_full,llama2_7b_r4000_a500_seed42_z1p0_hot48_rot500_s8_controlpath_v1,/home/qhq/serverless_llm_experiment/results/experiment_results_full_vllm_auto_a500_r4000_c4_faaslora_full_llama2_7b_r4000_a500_seed42_z1p0_hot48_rot500_s8_controlpath_v1.json,req_02722,translate_lora_0102,inst_4,remote,nvme,promoted_before_service,True,2368.410830974579,712.4106105911778
llama2_7b_main_v2_publicmix,faaslora_full,llama2_7b_r4000_a500_seed42_z1p0_hot48_rot500_s8_controlpath_v1,/home/qhq/serverless_llm_experiment/results/experiment_results_full_vllm_auto_a500_r4000_c4_faaslora_full_llama2_7b_r4000_a500_seed42_z1p0_hot48_rot500_s8_controlpath_v1.json,req_02900,medical_lora_0098,inst_3,remote,nvme,promoted_before_service,True,2528.074187040329,719.5249209398753
llama2_7b_main_v2_publicmix,faaslora_full,llama2_7b_r4000_a500_seed42_z1p0_hot48_rot500_s8_controlpath_v1,/home/qhq/serverless_llm_experiment/results/experiment_results_full_vllm_auto_a500_r4000_c4_faaslora_full_llama2_7b_r4000_a500_seed42_z1p0_hot48_rot500_s8_controlpath_v1.json,req_02940,research_lora_0104,inst_1,remote,nvme,promoted_before_service,True,2655.9926216602325,623.0643969902303
llama2_7b_main_v2_publicmix,faaslora_full,llama2_7b_r4000_a500_seed42_z1p0_hot48_rot500_s8_controlpath_v1,/home/qhq/serverless_llm_experiment/results/experiment_results_full_vllm_auto_a500_r4000_c4_faaslora_full_llama2_7b_r4000_a500_seed42_z1p0_hot48_rot500_s8_controlpath_v1.json,req_02972,gaming_lora_0106,inst_3,remote,nvme,promoted_before_service,True,2609.1602721214294,858.4785469793133
llama2_7b_main_v2_publicmix,faaslora_full,llama2_7b_r4000_a500_seed42_z1p0_hot48_rot500_s8_controlpath_v1,/home/qhq/serverless_llm_experiment/results/experiment_results_full_vllm_auto_a500_r4000_c4_faaslora_full_llama2_7b_r4000_a500_seed42_z1p0_hot48_rot500_s8_controlpath_v1.json,req_03002,finance_lora_0109,inst_2,remote,nvme,promoted_before_service,True,2624.678541660309,1824.638728845457
llama2_7b_main_v2_publicmix,faaslora_full,llama2_7b_r4000_a500_seed42_z1p0_hot48_rot500_s8_controlpath_v1,/home/qhq/serverless_llm_experiment/results/experiment_results_full_vllm_auto_a500_r4000_c4_faaslora_full_llama2_7b_r4000_a500_seed42_z1p0_hot48_rot500_s8_controlpath_v1.json,req_03042,code_lora_0111,inst_3,remote,nvme,promoted_before_service,True,2651.3417208194733,763.2450203891494
llama2_7b_main_v2_publicmix,faaslora_full,llama2_7b_r4000_a500_seed42_z1p0_hot48_rot500_s8_controlpath_v1,/home/qhq/serverless_llm_experiment/results/experiment_results_full_vllm_auto_a500_r4000_c4_faaslora_full_llama2_7b_r4000_a500_seed42_z1p0_hot48_rot500_s8_controlpath_v1.json,req_03057,ecommerce_lora_0117,inst_1,remote,nvme,promoted_before_service,True,2762.5780279636383,564.5991024939576
llama2_7b_main_v2_publicmix,faaslora_full,llama2_7b_r4000_a500_seed42_z1p0_hot48_rot500_s8_controlpath_v1,/home/qhq/serverless_llm_experiment/results/experiment_results_full_vllm_auto_a500_r4000_c4_faaslora_full_llama2_7b_r4000_a500_seed42_z1p0_hot48_rot500_s8_controlpath_v1.json,req_03069,security_lora_0120,inst_1,remote,nvme,promoted_before_service,True,2778.2992544174194,619.946720165899
llama2_7b_main_v2_publicmix,faaslora_full,llama2_7b_r4000_a500_seed42_z1p0_hot48_rot500_s8_controlpath_v1,/home/qhq/serverless_llm_experiment/results/experiment_results_full_vllm_auto_a500_r4000_c4_faaslora_full_llama2_7b_r4000_a500_seed42_z1p0_hot48_rot500_s8_controlpath_v1.json,req_03077,writing_lora_0119,inst_3,remote,nvme,promoted_before_service,True,2699.081305027008,668.613708083285
llama2_7b_main_v2_publicmix,faaslora_full,llama2_7b_r4000_a500_seed42_z1p0_hot48_rot500_s8_controlpath_v1,/home/qhq/serverless_llm_experiment/results/experiment_results_full_vllm_auto_a500_r4000_c4_faaslora_full_llama2_7b_r4000_a500_seed42_z1p0_hot48_rot500_s8_controlpath_v1.json,req_03090,education_lora_0115,inst_3,remote,nvme,promoted_before_service,True,2714.828507423401,571.9183235632954
llama2_7b_main_v2_publicmix,faaslora_full,llama2_7b_r4000_a500_seed42_z1p0_hot48_rot500_s8_controlpath_v1,/home/qhq/serverless_llm_experiment/results/experiment_results_full_vllm_auto_a500_r4000_c4_faaslora_full_llama2_7b_r4000_a500_seed42_z1p0_hot48_rot500_s8_controlpath_v1.json,req_03129,gaming_lora_0118,inst_4,remote,nvme,promoted_before_service,True,2733.3129498958588,582.6951592680416
llama2_7b_main_v2_publicmix,faaslora_full,llama2_7b_r4000_a500_seed42_z1p0_hot48_rot500_s8_controlpath_v1,/home/qhq/serverless_llm_experiment/results/experiment_results_full_vllm_auto_a500_r4000_c4_faaslora_full_llama2_7b_r4000_a500_seed42_z1p0_hot48_rot500_s8_controlpath_v1.json,req_03154,legal_lora_0113,inst_3,remote,nvme,promoted_before_service,True,2773.807730436325,614.3566698738141
llama2_7b_main_v2_publicmix,faaslora_full,llama2_7b_r4000_a500_seed42_z1p0_hot48_rot500_s8_controlpath_v1,/home/qhq/serverless_llm_experiment/results/experiment_results_full_vllm_auto_a500_r4000_c4_faaslora_full_llama2_7b_r4000_a500_seed42_z1p0_hot48_rot500_s8_controlpath_v1.json,req_03193,translate_lora_0114,inst_1,remote,nvme,promoted_before_service,True,2913.7446343898773,587.8353288062499
llama2_7b_main_v2_publicmix,faaslora_full,llama2_7b_r4000_a500_seed42_z1p0_hot48_rot500_s8_controlpath_v1,/home/qhq/serverless_llm_experiment/results/experiment_results_full_vllm_auto_a500_r4000_c4_faaslora_full_llama2_7b_r4000_a500_seed42_z1p0_hot48_rot500_s8_controlpath_v1.json,req_03211,research_lora_0116,inst_1,remote,nvme,promoted_before_service,True,2948.911221265793,728.3890209146193
llama2_7b_main_v2_publicmix,faaslora_full,llama2_7b_r4000_a500_seed42_z1p0_hot48_rot500_s8_controlpath_v1,/home/qhq/serverless_llm_experiment/results/experiment_results_full_vllm_auto_a500_r4000_c4_faaslora_full_llama2_7b_r4000_a500_seed42_z1p0_hot48_rot500_s8_controlpath_v1.json,req_03242,medical_lora_0110,inst_4,remote,nvme,promoted_before_service,True,2888.6445848941803,684.5111064030789
llama2_7b_main_v2_publicmix,faaslora_full,llama2_7b_r4000_a500_seed42_z1p0_hot48_rot500_s8_controlpath_v1,/home/qhq/serverless_llm_experiment/results/experiment_results_full_vllm_auto_a500_r4000_c4_faaslora_full_llama2_7b_r4000_a500_seed42_z1p0_hot48_rot500_s8_controlpath_v1.json,req_03300,code_lora_0099,inst_3,remote,nvme,promoted_before_service,True,2945.053674221039,801.547417351685
llama2_7b_main_v2_publicmix,faaslora_full,llama2_7b_r4000_a500_seed42_z1p0_hot48_rot500_s8_controlpath_v1,/home/qhq/serverless_llm_experiment/results/experiment_results_full_vllm_auto_a500_r4000_c4_faaslora_full_llama2_7b_r4000_a500_seed42_z1p0_hot48_rot500_s8_controlpath_v1.json,req_03320,support_lora_0112,inst_4,remote,nvme,promoted_before_service,True,2955.948810815811,645.8362196353846
llama2_7b_main_v2_publicmix,faaslora_full,llama2_7b_r4000_a500_seed42_z1p0_hot48_rot500_s8_controlpath_v1,/home/qhq/serverless_llm_experiment/results/experiment_results_full_vllm_auto_a500_r4000_c4_faaslora_full_llama2_7b_r4000_a500_seed42_z1p0_hot48_rot500_s8_controlpath_v1.json,req_03511,education_lora_0127,inst_1,remote,nvme,promoted_before_service,True,3253.8985600471497,755.7097196258837
llama2_7b_main_v2_publicmix,faaslora_full,llama2_7b_r4000_a500_seed42_z1p0_hot48_rot500_s8_controlpath_v1,/home/qhq/serverless_llm_experiment/results/experiment_results_full_vllm_auto_a500_r4000_c4_faaslora_full_llama2_7b_r4000_a500_seed42_z1p0_hot48_rot500_s8_controlpath_v1.json,req_03517,medical_lora_0122,inst_2,remote,nvme,promoted_before_service,True,3173.295907974243,704.8499842567253
llama2_7b_main_v2_publicmix,faaslora_full,llama2_7b_r4000_a500_seed42_z1p0_hot48_rot500_s8_controlpath_v1,/home/qhq/serverless_llm_experiment/results/experiment_results_full_vllm_auto_a500_r4000_c4_faaslora_full_llama2_7b_r4000_a500_seed42_z1p0_hot48_rot500_s8_controlpath_v1.json,req_03518,code_lora_0123,inst_1,remote,nvme,promoted_before_service,True,3264.025422334671,587.1045677049551
llama2_7b_main_v2_publicmix,faaslora_full,llama2_7b_r4000_a500_seed42_z1p0_hot48_rot500_s8_controlpath_v1,/home/qhq/serverless_llm_experiment/results/experiment_results_full_vllm_auto_a500_r4000_c4_faaslora_full_llama2_7b_r4000_a500_seed42_z1p0_hot48_rot500_s8_controlpath_v1.json,req_03522,writing_lora_0131,inst_2,remote,nvme,promoted_before_service,True,3183.8091235160828,687.003952669329
llama2_7b_main_v2_publicmix,faaslora_full,llama2_7b_r4000_a500_seed42_z1p0_hot48_rot500_s8_controlpath_v1,/home/qhq/serverless_llm_experiment/results/experiment_results_full_vllm_auto_a500_r4000_c4_faaslora_full_llama2_7b_r4000_a500_seed42_z1p0_hot48_rot500_s8_controlpath_v1.json,req_03540,support_lora_0124,inst_2,remote,nvme,promoted_before_service,True,3221.769867181778,673.8534453470493
llama2_7b_main_v2_publicmix,faaslora_full,llama2_7b_r4000_a500_seed42_z1p0_hot48_rot500_s8_controlpath_v1,/home/qhq/serverless_llm_experiment/results/experiment_results_full_vllm_auto_a500_r4000_c4_faaslora_full_llama2_7b_r4000_a500_seed42_z1p0_hot48_rot500_s8_controlpath_v1.json,req_03642,finance_lora_0121,inst_1,remote,nvme,promoted_before_service,True,3492.7106568813324,770.0220802798867
llama2_7b_main_v2_publicmix,faaslora_full,llama2_7b_r4000_a500_seed42_z1p0_hot48_rot500_s8_controlpath_v1,/home/qhq/serverless_llm_experiment/results/experiment_results_full_vllm_auto_a500_r4000_c4_faaslora_full_llama2_7b_r4000_a500_seed42_z1p0_hot48_rot500_s8_controlpath_v1.json,req_03714,gaming_lora_0130,inst_1,remote,nvme,promoted_before_service,True,3597.9115886688232,804.0874802682083
llama2_7b_main_v2_publicmix,faaslora_full,llama2_7b_r4000_a500_seed42_z1p0_hot48_rot500_s8_controlpath_v1,/home/qhq/serverless_llm_experiment/results/experiment_results_full_vllm_auto_a500_r4000_c4_faaslora_full_llama2_7b_r4000_a500_seed42_z1p0_hot48_rot500_s8_controlpath_v1.json,req_03730,research_lora_0128,inst_1,remote,nvme,promoted_before_service,True,3617.648730278015,690.3064976650057
llama2_7b_main_v2_publicmix,faaslora_full,llama2_7b_r4000_a500_seed42_z1p0_hot48_rot500_s8_controlpath_v1,/home/qhq/serverless_llm_experiment/results/experiment_results_full_vllm_auto_a500_r4000_c4_faaslora_full_llama2_7b_r4000_a500_seed42_z1p0_hot48_rot500_s8_controlpath_v1.json,req_03742,translate_lora_0126,inst_3,remote,nvme,promoted_before_service,True,3548.4780650138855,711.2766805876163
llama2_7b_main_v2_publicmix,faaslora_full,llama2_7b_r4000_a500_seed42_z1p0_hot48_rot500_s8_controlpath_v1,/home/qhq/serverless_llm_experiment/results/experiment_results_full_vllm_auto_a500_r4000_c4_faaslora_full_llama2_7b_r4000_a500_seed42_z1p0_hot48_rot500_s8_controlpath_v1.json,req_03776,security_lora_0132,inst_3,remote,nvme,promoted_before_service,True,3587.780225276947,705.5438340612454
llama2_7b_main_v2_publicmix,faaslora_full,llama2_7b_r4000_a500_seed42_z1p0_hot48_rot500_s8_controlpath_v1,/home/qhq/serverless_llm_experiment/results/experiment_results_full_vllm_auto_a500_r4000_c4_faaslora_full_llama2_7b_r4000_a500_seed42_z1p0_hot48_rot500_s8_controlpath_v1.json,req_03813,legal_lora_0125,inst_1,remote,nvme,promoted_before_service,True,3711.715041399002,596.8825910022133
llama2_7b_main_v2_publicmix,faaslora_full,llama2_7b_r4000_a500_seed42_z1p0_hot48_rot500_s8_controlpath_v1,/home/qhq/serverless_llm_experiment/results/experiment_results_full_vllm_auto_a500_r4000_c4_faaslora_full_llama2_7b_r4000_a500_seed42_z1p0_hot48_rot500_s8_controlpath_v1.json,req_03895,ecommerce_lora_0129,inst_3,remote,nvme,promoted_before_service,True,3745.5177145004272,588.6146374032251
