alpha_latency,beta_cost,system_key,system,generalized_ce,rank
0.5,0.5,faaslora,PrimeLoRA,11.09145295332973,1
0.5,0.5,sglang,SGLang,10.736694469148015,2
0.5,0.5,vllm,vLLM,9.230490374766795,3
0.5,0.5,slora,S-LoRA,8.677554601658953,4
0.5,0.5,serverlessllm,ServerlessLLM,1.2491684114055082,5
0.5,1.0,faaslora,PrimeLoRA,218.93546349461593,1
0.5,1.0,sglang,SGLang,178.0152279208162,2
0.5,1.0,vllm,vLLM,152.96657516961986,3
0.5,1.0,slora,S-LoRA,142.6966907662692,4
0.5,1.0,serverlessllm,ServerlessLLM,24.1023786499413,5
0.5,2.0,faaslora,PrimeLoRA,85304.40576914107,1
0.5,2.0,sglang,SGLang,48936.20362339286,2
0.5,2.0,vllm,vLLM,42008.78125109709,3
0.5,2.0,slora,S-LoRA,38587.531305102544,4
0.5,2.0,serverlessllm,ServerlessLLM,8973.001247139458,5
1.0,0.5,faaslora,PrimeLoRA,6.232312323308328,2
1.0,0.5,sglang,SGLang,6.952718232711248,1
1.0,0.5,vllm,vLLM,5.141357202591446,3
1.0,0.5,slora,S-LoRA,4.579079288070072,4
1.0,0.5,serverlessllm,ServerlessLLM,0.08087291090526681,5
1.0,1.0,faaslora,PrimeLoRA,123.0203286159268,1
1.0,1.0,sglang,SGLang,115.27660812383357,2
1.0,1.0,vllm,vLLM,85.20195255866244,3
1.0,1.0,slora,S-LoRA,75.29995386477246,4
1.0,1.0,serverlessllm,ServerlessLLM,1.560421720053361,5
1.0,2.0,faaslora,PrimeLoRA,47932.7371756023,1
1.0,2.0,sglang,SGLang,31689.421371700133,2
1.0,2.0,vllm,vLLM,23398.77311912296,3
1.0,2.0,slora,S-LoRA,20362.345555644257,4
1.0,2.0,serverlessllm,ServerlessLLM,580.9246565851462,5
2.0,0.5,faaslora,PrimeLoRA,1.96775373296676,2
2.0,0.5,sglang,SGLang,2.9155648041092332,1
2.0,0.5,vllm,vLLM,1.5950848375370963,3
2.0,0.5,slora,S-LoRA,1.275086889880533,4
2.0,0.5,serverlessllm,ServerlessLLM,0.0003389746639297071,5
2.0,1.0,faaslora,PrimeLoRA,38.84171689526085,2
2.0,1.0,sglang,SGLang,48.3402908234754,1
2.0,1.0,vllm,vLLM,26.433553884638933,3
2.0,1.0,slora,S-LoRA,20.967967126432313,4
2.0,1.0,serverlessllm,ServerlessLLM,0.006540427718291223,5
2.0,2.0,faaslora,PrimeLoRA,15134.00125277062,1
2.0,2.0,sglang,SGLang,13288.69638053589,2
2.0,2.0,vllm,vLLM,7259.372719808567,3
2.0,2.0,slora,S-LoRA,5670.083052036862,4
2.0,2.0,serverlessllm,ServerlessLLM,2.4349159444142896,5
