request_id,adapter_id,source_tier,primed_before_admission,target_tokens,native_output_tokens,d_ms,t_ms,o_ms,e2e_error_ms,tpot_error_ms,prompt_sha256,output_sha256,matches_prior_sequential_output
req_00000,finance_lora,gpu,True,152,152,0.0,815.7523389963899,3549.759635992814,0.0,0.0,792a0642f74c0e35283dad2b2dbdc2507fcc56c649e88d40179a19371b1a0520,33be974f7e81c46e1b409345213f4616d9659588268f063f95ce44fe1896747e,True
req_00001,finance_lora,gpu,False,59,59,0.0,144.25578599912114,1343.7536029960029,0.0,0.0,7d909f88ed53d92b35fc65d502ec3db8d213c2cec3c220074ea1a92c235864c5,d7f1a4f3de8c67888b770ec30414ef54625570e0a1071827ba2d1e595f2eb38c,True
req_00002,writing_lora_0011,gpu,True,123,123,0.0,104.12950097816065,2801.0706799977925,0.0,0.0,40b3a3a0009e919a9849c35f420de5bc87a313bf48e287fd12b4dc5422e736bf,236adbd905977548fcbbb086a90353142462e67891c58ef3ec6d3a6eeb93767d,True
req_00003,finance_lora,gpu,False,217,217,0.0,122.10234100348316,4987.629684997955,0.0,0.0,ee3fa20a89e360813cdd6abf93ce33113972f0f6d5fac1cf440f1ff6450d9d52,046f60aa73f688614eec503afad97295bac13a72397309ead4081c1c57de7b3b,True
req_00004,finance_lora,gpu,False,88,88,0.0,184.3440049851779,2047.2984570078552,0.0,0.0,9bb358f2c1b27436c4155918ee685afb7574f26df5036bf9b3876a29698d2179,bcd714bdc30cc893125043d283b7d9079e3628a2c3fc0f8877ca5424e5888d44,True
req_00005,legal_lora,gpu,True,256,256,0.0,187.5726209837012,6025.136681011645,0.0,0.0,c910816385fd3cc90d370591689634cc437e80d0a9a45a5150a766008b38e968,73983ecc61e7dbd6bcb38eeca91430ceeca2fe5f4fbe2a3c1c67d937662d7dd3,False
req_00006,finance_lora,gpu,False,217,217,0.0,121.71058400417678,4997.869737009751,0.0,0.0,ee3fa20a89e360813cdd6abf93ce33113972f0f6d5fac1cf440f1ff6450d9d52,046f60aa73f688614eec503afad97295bac13a72397309ead4081c1c57de7b3b,True
req_00007,translate_lora,gpu,True,174,174,0.0,83.12466298229992,3961.0622370091733,0.0,0.0,1cd4782fb9853f9d65112e1e000c9addda739993f94687cd53627ecec1730bdf,5ea341864f51e2b100ef106c94be08b02dfe4c68caec396e6159d26f2df4c0b5,True
req_00008,research_lora_0008,gpu,True,50,50,0.0,182.42522099171765,1149.0392849955242,0.0,0.0,44403ae708b0186a09279fca3afdf65f6e27091c10eb37896beaca8e9cf2d984,836fc8b71e827d1ac9a6f26e2f5382239fcb10844d6eceadaba3187756430673,True
req_00009,finance_lora,gpu,False,94,94,0.0,186.50292698293924,2183.5513559926767,0.0,0.0,be6cd4ff39f0867c04fa5b02842dd3aeabe8c7b38f3e56c63d21161077a3e297,4b65f946d8dd4705d3ed227f31aa6343970c2e79502d83e89e02739e1c0c7b26,True
req_00010,finance_lora_0013,gpu,True,253,253,0.0,88.5048670170363,5778.37671598536,0.0,0.0,5d66407c73146bcc66168c9cbfc1449b80b1790f45b73d25d6cf091c493b20d5,fd55f3f2dd93d01d52a24ef328f566145549e767804dff14476a6cd503632959,True
req_00011,finance_lora,gpu,False,256,256,0.0,188.40982500114478,6014.51347101829,0.0,0.0,c910816385fd3cc90d370591689634cc437e80d0a9a45a5150a766008b38e968,a00a9aad882e6d3c22387dcafe7d7fa10d2df7bf54541bb5507cb5ce630d8272,True
req_00012,code_lora,gpu,True,256,256,0.0,188.61724899034016,6013.790783006698,0.0,0.0,252960232671535cf32425658fadf392123913ee6628f92985b0501f93e1ce0a,717b95322c987d5bf508297da2c84f2704980aa3ade2a4b077c95b0c0191da88,True
req_00013,finance_lora,gpu,False,50,50,0.0,182.58122299448587,1152.7674150129315,0.0,0.0,44403ae708b0186a09279fca3afdf65f6e27091c10eb37896beaca8e9cf2d984,4bad213b1e7eaab7ce1af818593502cb9795ea68ffb600857e4d540505274111,True
req_00014,research_lora_0008,gpu,False,203,203,0.0,123.2865099736955,4679.470615024911,0.0,0.0,20b09930a60dacece59162c0fbb56478c770cf15514099311e90136bac76f958,be29383f793c011a22025161da715b79dbc67424bff8b7270ee3117c57db9697,True
req_00015,code_lora_0015,gpu,True,256,256,0.0,188.62370497663505,6028.896254021674,0.0,0.0,252960232671535cf32425658fadf392123913ee6628f92985b0501f93e1ce0a,717b95322c987d5bf508297da2c84f2704980aa3ade2a4b077c95b0c0191da88,True
req_00016,education_lora_0043,gpu,True,173,173,0.0,188.04122900473885,4057.189679995645,0.0,0.0,4e2b41803a8478e4dbc3158130ab3915fbf467163b8430e5d455097f396ad66c,58f6829ee1653815d975ebeaae64ce5aeb503c8569e8556a04b404ddf6045ff4,True
req_00017,education_lora_0007,gpu,True,256,256,0.0,187.356242997339,6028.213252022397,0.0,0.0,3848f505e173a7e4514e3c18af12f5a7d9c50ed2ad45d5030ead1d29a3a18e70,127d7d76950e65eb7a1103021505a8a3e84acab1f5e85000ace7358080e0a67c,True
req_00018,ecommerce_lora_0009,gpu,True,183,183,0.0,184.30883300607093,4294.695010990836,0.0,0.0,736423413eff28390d12cf1fc9ccfe8ba3f7d424d6378df9d374f0e21945a87e,e1534c6bed54ae7340ff8c68bd6574782456d94141f1208fc0c77cf1707c0d2f,True
req_00019,education_lora_0007,gpu,False,256,256,0.0,187.7805569965858,6026.283996005077,0.0,0.0,c53896e86d749dbd7726cff67cbf5a7b68471698daafc1dbaa05c458a2085dcd,2b00130ee9f1028a9a3df78d11c395b00c4502e8b2b09ed023401804d013e6f6,True
req_00020,finance_lora,host,False,256,256,93.90952499234118,192.93304299935699,6030.240323016187,0.0,0.0,c918cd8f66206535a7339cdeaa55bfcf1f0e5044a7709c15c702478374737b01,249c310d32bb272d29cf5ba77977488f1da0f316473e5320f47adecc3f1dec86,True
req_00021,medical_lora,gpu,True,89,89,0.0,154.4553140120115,2046.3657469954342,0.0,0.0,7d909f88ed53d92b35fc65d502ec3db8d213c2cec3c220074ea1a92c235864c5,0941962c1ae1ceaee45c72420b99263bd442bc89a367495695f762a9608e0ca7,True
req_00022,medical_lora,gpu,False,256,256,0.0,190.7840379863046,6026.950572995702,0.0,0.0,7badc86a5e215feffb090754fed2f2adf3b0aee89017ea288afdebadf58a4003,d837ad3ecff9c74a476ec653e8316f7741f2ffb87ed2ea91a0a65641b8b2f8c6,True
req_00023,medical_lora,gpu,False,256,256,0.0,191.0336989967618,6026.5882380190305,0.0,0.0,252960232671535cf32425658fadf392123913ee6628f92985b0501f93e1ce0a,717b95322c987d5bf508297da2c84f2704980aa3ade2a4b077c95b0c0191da88,True
req_00024,code_lora,host,False,67,67,103.71925900108181,161.83272100170143,1532.0520210079849,0.0,0.0,7d909f88ed53d92b35fc65d502ec3db8d213c2cec3c220074ea1a92c235864c5,39fc1a23b5f0679b82393ba20fdafbbaec8d38dbf578d06db74a45961cd2da49,True
req_00025,finance_lora,gpu,False,256,256,0.0,190.69475299329497,6023.851454025134,0.0,0.0,3848f505e173a7e4514e3c18af12f5a7d9c50ed2ad45d5030ead1d29a3a18e70,127d7d76950e65eb7a1103021505a8a3e84acab1f5e85000ace7358080e0a67c,True
req_00026,finance_lora_0037,gpu,True,256,256,0.0,190.01958300941624,6018.911764986115,0.0,0.0,3848f505e173a7e4514e3c18af12f5a7d9c50ed2ad45d5030ead1d29a3a18e70,127d7d76950e65eb7a1103021505a8a3e84acab1f5e85000ace7358080e0a67c,True
req_00027,research_lora_0008,host,False,256,256,108.98943099891767,193.00128798931837,6020.01324199955,0.0,0.0,3848f505e173a7e4514e3c18af12f5a7d9c50ed2ad45d5030ead1d29a3a18e70,127d7d76950e65eb7a1103021505a8a3e84acab1f5e85000ace7358080e0a67c,True
req_00028,medical_lora_0014,gpu,True,245,245,0.0,72.32664900948294,5574.03524700203,0.0,0.0,f6433785bf31b1bbd63e3fd2777fe7238742a7e423806b40e1fc9917d1bed855,0069647e1e7f8afdb777b83469360468cc362f2ec7e7a2bc7d27ec8536cf0514,True
req_00029,code_lora,host,False,256,256,118.30028501572087,198.38430598611012,6019.170443003532,0.0,0.0,8f8f8ea826580551922541df2825a5167a5b1f65a0088113bbeb741f1cd2c85f,bed79bf999e790fdfbbfbb66a6eb5205cd662a6dd8c9b9974cbae55179cbf0f6,True
req_00030,gaming_lora_0010,gpu,True,162,162,0.0,190.52099299733527,3789.219834987307,0.0,0.0,792a0642f74c0e35283dad2b2dbdc2507fcc56c649e88d40179a19371b1a0520,75f4a03d0b8e3c5864dc23bbf1b4b2a42b48fe6586354e2754e2dbb365a704c4,True
req_00031,security_lora_0012,gpu,True,40,40,0.0,192.09393701748922,914.3326319754124,0.0,0.0,46a01fe01d6fb0fa504d0df33694e92f2864a55baf1c328bd2f935577982c4bb,5cab848eaa16dc46907d6757410efbd9c02996470065bc3f37ae7bc9935f9e3a,True
