kind,label,count,timing_pass_count,timing_pass_fraction,mean_ttft_s,p95_ttft_s,mean_tpot_s,p95_tpot_s,mean_arrival_to_admission_s,arrival_to_admission_s_exceeds_ttft_threshold_count,mean_admission_to_engine_dispatch_s,admission_to_engine_dispatch_s_exceeds_ttft_threshold_count,mean_engine_entry_to_queue_s,engine_entry_to_queue_s_exceeds_ttft_threshold_count,mean_native_engine_queue_s,native_engine_queue_s_exceeds_ttft_threshold_count,mean_native_prefill_s,native_prefill_s_exceeds_ttft_threshold_count,pre_engine_exceeds_ttft_threshold_count
all,all,4000,2110,0.5275,4.666023436869538,11.31641380029032,0.04413484213677548,0.08186510062091396,2.850748271638644,838,1.386105311332285,329,0.14465745855498244,0,0.04845589351165108,0,0.23605650183197577,0,1547
input_group,0,1039,373,0.3589990375360924,4.4772676734469,10.807815024454612,0.042376083663740065,0.07258272760295316,2.6562499050392714,332,1.4336600237880848,147,0.13966491770466943,0,0.04692025637047731,0,0.20077257054439757,0,542
input_group,1,2961,1737,0.5866261398176292,4.732256884419731,11.515967991610523,0.04475198163474367,0.084434676397359,2.918996769746293,506,1.369418602030841,182,0.14640931601647356,0,0.04899474085703425,0,0.2484374557690895,0,1005
tier,gpu,1361,927,0.6811168258633358,3.449674387330497,7.76862803142285,0.04301604341830696,0.07728528999723494,2.803032614850808,268,0.18750532507786252,0,0.1518882363195111,0,0.056915646084480964,0,0.2503325649978344,0,298
tier,host,1530,709,0.46339869281045754,5.210092713490807,12.155094568850473,0.0449806986346047,0.084434676397359,2.7772374247983356,314,2.013863480373497,194,0.13322984168299906,0,0.049254969997275196,0,0.23650699663870006,0,707
tier,nvme,969,458,0.4726522187822497,4.889450288322558,11.0594741711393,0.04468058765245807,0.08270598900066141,2.9520566685126313,220,1.525224404906966,44,0.15529618666411674,0,0.03799166313668817,0,0.21888136510215594,0,423
tier,remote,140,16,0.11428571428571428,8.998340894970378,16.784021114755888,0.041989822204350685,0.06726133650065297,3.416782328660234,36,5.214806604084775,91,0.12561629954683928,0,0.029909671788170403,0,0.21122599089035898,0,119
outcome,timing_pass,2110,2110,1.0,2.5497632074051193,4.3317566605401225,0.03941781136786639,0.058175724544774064,1.509867985580741,0,0.6642252239081413,0,0.11914973564998256,0,0.03188802779437555,0,0.2246322344718788,0,0
outcome,ttft_only_miss,1660,0,0.0,7.189669101435624,14.023293668637052,0.041219362221944424,0.06225182099733502,4.437702007333963,760,2.2636568662308645,304,0.17324761148862658,0,0.06626615802584222,0,0.24879645835632788,0,1425
outcome,tpot_only_miss,91,0,0.0,2.7379038512833405,4.4428541783127,0.11082814542194426,0.19287510439753533,1.6013738377880724,0,0.7205965050667585,0,0.12648891055877168,0,0.07549535856034689,0,0.21394923930939103,0,0
outcome,both_miss,139,0,0.0,7.914341158298072,14.919600840308703,0.10689412977754804,0.1973725244984962,5.0709445004756795,78,2.299721891932749,25,0.20231918033451954,0,0.06955349243584377,0,0.2718020931192801,0,122
