request_id,adapter_id,target_tokens,actual_tokens,source_before_load,input_content_tokens,native_input_tokens,prompt_sha256,native_input_ids_sha256,output_ids_sha256,native_ttft_ms,native_tpot_ms,e2e_error_ms,tpot_error_ms
req_00000,finance_lora,152,152,local_file,758,759,792a0642f74c0e35283dad2b2dbdc2507fcc56c649e88d40179a19371b1a0520,b7025ee17c560bbec4a2f379e8c1aa851137a8e1a1d7eca56d1f203d03ef73dc,33be974f7e81c46e1b409345213f4616d9659588268f063f95ce44fe1896747e,231.4819730236195,23.437558509878173,0.0,0.0
req_00001,finance_lora,59,59,GPU,571,572,7d909f88ed53d92b35fc65d502ec3db8d213c2cec3c220074ea1a92c235864c5,4d005a03641d42a40de41c1fa6fca4eb2ae3d41c64d2ebf713373c025a7473c1,d7f1a4f3de8c67888b770ec30414ef54625570e0a1071827ba2d1e595f2eb38c,154.4395480013918,23.12057946531648,0.0,0.0
req_00002,writing_lora_0011,123,123,local_file,358,359,40b3a3a0009e919a9849c35f420de5bc87a313bf48e287fd12b4dc5422e736bf,4e7ad26aefe1e8726f64e2390cb3b4721b0a65c1100abc2786974bafc3d70887,236adbd905977548fcbbb086a90353142462e67891c58ef3ec6d3a6eeb93767d,99.8462510178797,22.919951090026174,0.0,0.0
req_00003,finance_lora,217,217,GPU,392,393,ee3fa20a89e360813cdd6abf93ce33113972f0f6d5fac1cf440f1ff6450d9d52,d5693c4b98695de6ce787c87dc17659778e751665897296689deace2b7ff0ca4,046f60aa73f688614eec503afad97295bac13a72397309ead4081c1c57de7b3b,122.29238200234249,23.06991131020671,0.0,0.0
req_00004,finance_lora,88,88,GPU,759,760,9bb358f2c1b27436c4155918ee685afb7574f26df5036bf9b3876a29698d2179,6e3153c22cfd65b90d9476a21c848afb8fbc11ffada9954ac0da4336492097e1,bcd714bdc30cc893125043d283b7d9079e3628a2c3fc0f8877ca5424e5888d44,188.37276799604297,23.486704494330453,0.0,0.0
req_00005,legal_lora,256,256,local_file,759,760,c910816385fd3cc90d370591689634cc437e80d0a9a45a5150a766008b38e968,5e8d5e33f109baf084f8127db7dbdeccce5e4df0f8e77333ca3ad7883f109ccd,a00a9aad882e6d3c22387dcafe7d7fa10d2df7bf54541bb5507cb5ce630d8272,182.80740900081582,23.58879481177485,0.0,0.0
req_00006,finance_lora,217,217,GPU,392,393,ee3fa20a89e360813cdd6abf93ce33113972f0f6d5fac1cf440f1ff6450d9d52,d5693c4b98695de6ce787c87dc17659778e751665897296689deace2b7ff0ca4,046f60aa73f688614eec503afad97295bac13a72397309ead4081c1c57de7b3b,125.57028900482692,23.024855273197993,0.0,0.0
req_00007,translate_lora,174,174,local_file,226,227,1cd4782fb9853f9d65112e1e000c9addda739993f94687cd53627ecec1730bdf,2a69af0a4a0ec7eea25a2c391aa2761168feef52fc7df1c571eead83e13782ba,5ea341864f51e2b100ef106c94be08b02dfe4c68caec396e6159d26f2df4c0b5,78.08917699730955,22.776778421978428,0.0,0.0
req_00008,research_lora_0008,50,50,local_file,759,760,44403ae708b0186a09279fca3afdf65f6e27091c10eb37896beaca8e9cf2d984,2d7957a87f0d11e4e026ff51ef149fd493cd306df07bdf62564418908b45d259,836fc8b71e827d1ac9a6f26e2f5382239fcb10844d6eceadaba3187756430673,179.43572101648897,23.413305856852926,0.0,0.0
req_00009,finance_lora,94,94,GPU,759,760,be6cd4ff39f0867c04fa5b02842dd3aeabe8c7b38f3e56c63d21161077a3e297,c28cf959754c597c1f010bc646b8daaaae7ee37e5cf47827e716b7bdca99cd1a,4b65f946d8dd4705d3ed227f31aa6343970c2e79502d83e89e02739e1c0c7b26,188.72973398538306,23.43593601084825,0.0,0.0
req_00010,finance_lora_0013,253,253,local_file,266,267,5d66407c73146bcc66168c9cbfc1449b80b1790f45b73d25d6cf091c493b20d5,a641a312dc8d58a3ba3c86d1c7e98a7694e78a863c459eae669e1ebe7fac8924,fd55f3f2dd93d01d52a24ef328f566145549e767804dff14476a6cd503632959,86.97296300670132,22.89124779758461,0.0,0.0
req_00011,finance_lora,256,256,GPU,759,760,c910816385fd3cc90d370591689634cc437e80d0a9a45a5150a766008b38e968,5e8d5e33f109baf084f8127db7dbdeccce5e4df0f8e77333ca3ad7883f109ccd,a00a9aad882e6d3c22387dcafe7d7fa10d2df7bf54541bb5507cb5ce630d8272,188.8944290112704,23.58885986271643,0.0,0.0
req_00012,code_lora,256,256,local_file,759,760,252960232671535cf32425658fadf392123913ee6628f92985b0501f93e1ce0a,039bcf72147c0c0f0ee9f3c186b3e2ef9a3ea76f1e988c288777bca8247b93f6,717b95322c987d5bf508297da2c84f2704980aa3ade2a4b077c95b0c0191da88,184.25210102577694,23.59175436077731,0.0,0.0
req_00013,finance_lora,50,50,GPU,759,760,44403ae708b0186a09279fca3afdf65f6e27091c10eb37896beaca8e9cf2d984,2d7957a87f0d11e4e026ff51ef149fd493cd306df07bdf62564418908b45d259,4bad213b1e7eaab7ce1af818593502cb9795ea68ffb600857e4d540505274111,186.1058289941866,23.4822902854589,0.0,0.0
req_00014,research_lora_0008,203,203,GPU,428,429,20b09930a60dacece59162c0fbb56478c770cf15514099311e90136bac76f958,b19095cf2d600c2110a401c3e11ed127a6047e6a3f45e10e2402d19088f0507c,be29383f793c011a22025161da715b79dbc67424bff8b7270ee3117c57db9697,126.77308198180981,23.129872519852558,0.0,0.0
req_00015,code_lora_0015,256,256,local_file,759,760,252960232671535cf32425658fadf392123913ee6628f92985b0501f93e1ce0a,039bcf72147c0c0f0ee9f3c186b3e2ef9a3ea76f1e988c288777bca8247b93f6,717b95322c987d5bf508297da2c84f2704980aa3ade2a4b077c95b0c0191da88,184.91742201149464,23.59980221166659,0.0,0.0
req_00016,education_lora_0043,173,173,local_file,758,759,4e2b41803a8478e4dbc3158130ab3915fbf467163b8430e5d455097f396ad66c,fb487f7a2e723bc8887f8ab14801e1a5fa2a3b5439dde912147afe4d0b9d4b91,58f6829ee1653815d975ebeaae64ce5aeb503c8569e8556a04b404ddf6045ff4,185.270968999248,23.543258779174593,0.0,0.0
req_00017,education_lora_0007,256,256,local_file,759,760,3848f505e173a7e4514e3c18af12f5a7d9c50ed2ad45d5030ead1d29a3a18e70,7d3c13b791d1c420eaf20bc54c563741a7e3ee50915c5978e22292c1c65661f3,127d7d76950e65eb7a1103021505a8a3e84acab1f5e85000ace7358080e0a67c,182.10216099396348,23.598030188312645,0.0,0.0
req_00018,ecommerce_lora_0009,183,183,local_file,759,760,736423413eff28390d12cf1fc9ccfe8ba3f7d424d6378df9d374f0e21945a87e,6a4b5c00b7341855ab0602b16a376e8c686c6c6fc4ad397de6d6f5e992b6bddd,e1534c6bed54ae7340ff8c68bd6574782456d94141f1208fc0c77cf1707c0d2f,181.01350800134242,23.586514214332635,0.0,0.0
req_00019,education_lora_0007,256,256,GPU,759,760,c53896e86d749dbd7726cff67cbf5a7b68471698daafc1dbaa05c458a2085dcd,e90fdc82932b6c681055821f713bd32f2b0c330507dc208d3fded73cd43027c6,2b00130ee9f1028a9a3df78d11c395b00c4502e8b2b09ed023401804d013e6f6,189.75786899682134,23.62178261962482,0.0,0.0
req_00020,finance_lora,256,256,registered_CPU,759,760,c918cd8f66206535a7339cdeaa55bfcf1f0e5044a7709c15c702478374737b01,c0904d04d1923c5ac655265a6a1deb570e55385f87b202dc94ce46f4f6e4b095,249c310d32bb272d29cf5ba77977488f1da0f316473e5320f47adecc3f1dec86,184.03809700976126,23.634210545067475,0.0,0.0
req_00021,medical_lora,89,89,local_file,571,572,7d909f88ed53d92b35fc65d502ec3db8d213c2cec3c220074ea1a92c235864c5,4d005a03641d42a40de41c1fa6fca4eb2ae3d41c64d2ebf713373c025a7473c1,0941962c1ae1ceaee45c72420b99263bd442bc89a367495695f762a9608e0ca7,148.5037959937472,23.241383806717668,0.0,0.0
req_00022,medical_lora,256,256,GPU,759,760,7badc86a5e215feffb090754fed2f2adf3b0aee89017ea288afdebadf58a4003,0eb0431e343ad293f3f338914f12732fdbf0518fe45b9aa569b593d5d2cfd09f,d837ad3ecff9c74a476ec653e8316f7741f2ffb87ed2ea91a0a65641b8b2f8c6,185.3422239946667,23.63253038435919,0.0,0.0
req_00023,medical_lora,256,256,GPU,759,760,252960232671535cf32425658fadf392123913ee6628f92985b0501f93e1ce0a,039bcf72147c0c0f0ee9f3c186b3e2ef9a3ea76f1e988c288777bca8247b93f6,717b95322c987d5bf508297da2c84f2704980aa3ade2a4b077c95b0c0191da88,190.01863300218247,23.625814498004996,0.0,0.0
req_00024,code_lora,67,67,registered_CPU,571,572,7d909f88ed53d92b35fc65d502ec3db8d213c2cec3c220074ea1a92c235864c5,4d005a03641d42a40de41c1fa6fca4eb2ae3d41c64d2ebf713373c025a7473c1,39fc1a23b5f0679b82393ba20fdafbbaec8d38dbf578d06db74a45961cd2da49,145.99176400224678,23.205550954585444,0.0,0.0
req_00025,finance_lora,256,256,GPU,759,760,3848f505e173a7e4514e3c18af12f5a7d9c50ed2ad45d5030ead1d29a3a18e70,7d3c13b791d1c420eaf20bc54c563741a7e3ee50915c5978e22292c1c65661f3,127d7d76950e65eb7a1103021505a8a3e84acab1f5e85000ace7358080e0a67c,188.84622800396755,23.620236160772322,0.0,0.0
req_00026,finance_lora_0037,256,256,local_file,759,760,3848f505e173a7e4514e3c18af12f5a7d9c50ed2ad45d5030ead1d29a3a18e70,7d3c13b791d1c420eaf20bc54c563741a7e3ee50915c5978e22292c1c65661f3,127d7d76950e65eb7a1103021505a8a3e84acab1f5e85000ace7358080e0a67c,182.9752979974728,23.599099290246766,0.0,0.0
req_00027,research_lora_0008,256,256,registered_CPU,759,760,3848f505e173a7e4514e3c18af12f5a7d9c50ed2ad45d5030ead1d29a3a18e70,7d3c13b791d1c420eaf20bc54c563741a7e3ee50915c5978e22292c1c65661f3,127d7d76950e65eb7a1103021505a8a3e84acab1f5e85000ace7358080e0a67c,183.00333799561486,23.598982560831836,0.0,0.0
req_00028,medical_lora_0014,245,245,local_file,184,185,f6433785bf31b1bbd63e3fd2777fe7238742a7e423806b40e1fc9917d1bed855,befcc85a207071aaf7960bfb6a894fbc7f719d760b98059435c281d506ad7e41,0069647e1e7f8afdb777b83469360468cc362f2ec7e7a2bc7d27ec8536cf0514,66.68623400037177,22.84026180322904,0.0,0.0
req_00029,code_lora,256,256,registered_CPU,759,760,8f8f8ea826580551922541df2825a5167a5b1f65a0088113bbeb741f1cd2c85f,c7ab8e9d2e313d77cf4fee5d236a002c427d36f34b788e40151ae7a3620dd97e,bed79bf999e790fdfbbfbb66a6eb5205cd662a6dd8c9b9974cbae55179cbf0f6,186.00272299954668,23.594232933372076,0.0,0.0
req_00030,gaming_lora_0010,162,162,local_file,758,759,792a0642f74c0e35283dad2b2dbdc2507fcc56c649e88d40179a19371b1a0520,b7025ee17c560bbec4a2f379e8c1aa851137a8e1a1d7eca56d1f203d03ef73dc,75f4a03d0b8e3c5864dc23bbf1b4b2a42b48fe6586354e2754e2dbb365a704c4,179.98500599060208,23.530601478262763,0.0,0.0
req_00031,security_lora_0012,40,40,local_file,759,760,46a01fe01d6fb0fa504d0df33694e92f2864a55baf1c328bd2f935577982c4bb,8940a22c4467b0d732b124ac8731b2fdc80a10e1d5d7aae4d494522bb7b6c086,5cab848eaa16dc46907d6757410efbd9c02996470065bc3f37ae7bc9935f9e3a,183.05639500613324,23.4562741795507,0.0,0.0
req_00032,translate_lora_0018,256,256,local_file,759,760,7badc86a5e215feffb090754fed2f2adf3b0aee89017ea288afdebadf58a4003,0eb0431e343ad293f3f338914f12732fdbf0518fe45b9aa569b593d5d2cfd09f,d837ad3ecff9c74a476ec653e8316f7741f2ffb87ed2ea91a0a65641b8b2f8c6,183.79286999697797,23.59932978436643,0.0,0.0
req_00033,finance_lora,54,54,registered_CPU,571,572,7d909f88ed53d92b35fc65d502ec3db8d213c2cec3c220074ea1a92c235864c5,4d005a03641d42a40de41c1fa6fca4eb2ae3d41c64d2ebf713373c025a7473c1,a4b457537b9fe698f45bd7dc5b8cad510a2c85dcf7e93f31a18633f3b7e78bbc,147.3868280008901,23.18514747169519,0.0,0.0
req_00034,medical_lora,256,256,registered_CPU,759,760,51e8d1b07dacc395d23d046399d05e8ee7b277a36c24dc9bd3936dfb87df79c3,b8e34fd5c6db3096544bfe523e88af8904cd6f51e0330cf9d6fbc29b69a46e79,d223c06990559f9f3697ea0011c13620d5b15f2d28cbe8cb94ca7af1776d8d77,183.74356598360464,23.597802423561614,0.0,0.0
req_00035,medical_lora_0038,256,256,local_file,758,759,c870ab33662242e9280fc97e8cb091b6bc68b9c527dbdf7e85bf5b23ebe7d45f,3d25606cef87148152715c19460005f48b214d05a60161fafa95529fac22fa20,8224edd55f53b269750b2e6c7d0be641de2e5d074d211c0c9c868917df480da2,181.9999139988795,23.598910407870825,0.0,0.0
req_00036,medical_lora,256,256,GPU,759,760,3848f505e173a7e4514e3c18af12f5a7d9c50ed2ad45d5030ead1d29a3a18e70,7d3c13b791d1c420eaf20bc54c563741a7e3ee50915c5978e22292c1c65661f3,127d7d76950e65eb7a1103021505a8a3e84acab1f5e85000ace7358080e0a67c,187.3687350016553,23.60183146665804,0.0,0.0
req_00037,code_lora,256,256,registered_CPU,759,760,c910816385fd3cc90d370591689634cc437e80d0a9a45a5150a766008b38e968,5e8d5e33f109baf084f8127db7dbdeccce5e4df0f8e77333ca3ad7883f109ccd,a00a9aad882e6d3c22387dcafe7d7fa10d2df7bf54541bb5507cb5ce630d8272,182.2902160056401,23.59272181570037,0.0,0.0
req_00038,support_lora,141,141,local_file,96,97,f49ad350f302f18533d645c8458d6e8f556edcbcad190d6ce222f6cfe0189b77,235bdeb0d331db1d9f6ffb3eea4644f6656657a7c6291d81c4ffc4e7a23fd022,c97345164ee688bf729e1749e54f9eaa2e78f6d2a98d97b9bfdfa6f4453e3f25,64.66303701745346,22.6223727571778,0.0,0.0
req_00039,medical_lora,24,24,GPU,440,441,236900a3eb1c3c5b372b391cc58d30d6bc560f8ebf9a8523c15950e78526ad68,5738e28b78da6143545e11244769faacefc36b7787ab2e541c8a619594c6130f,7d6540477e4d53bea7553acb09d5f49e789ffbd16e41d7320e35990eaf617b45,127.21602301462553,22.974129174026135,0.0,0.0
req_00040,medical_lora,8,8,GPU,759,760,5ae79918b5f68ed66cfd564d51b9643c9e35b806aeb5e76baecc769d62c814f1,a01e4b1401c22832e605070ed99b90482a33db91c422543200df3d9922a5b5ea,d53332ede128e261e8d5fc88fc3eccc7ed1e8d128729060674079dc5a11726c8,188.98513101157732,23.30670556901688,0.0,0.0
req_00041,education_lora_0031,104,104,local_file,515,516,64a28712d27d7dd696cadb8334018e904ae787a23442eb9e65f6cb085b5c1d8d,e13130cca991ce49be955d3a886a579e08903dce0c1aea20f1714fe2a623af77,9c63954066fe689ef57b7a29754f01a078cc7608914e9e05a080ca23bae70b2b,145.4911470063962,23.171501465874172,0.0,0.0
req_00042,finance_lora,203,203,registered_CPU,758,759,4e2b41803a8478e4dbc3158130ab3915fbf467163b8430e5d455097f396ad66c,fb487f7a2e723bc8887f8ab14801e1a5fa2a3b5439dde912147afe4d0b9d4b91,4d2f7b8acebfc126d344757d232a538f9273db193766514598668092a9370d90,182.86959000397474,23.566352099031533,0.0,0.0
req_00043,legal_lora,256,256,registered_CPU,759,760,0855796b7cff6d4b65067d041cf55f7dfd0887a1fba3ccab4c1d8ece356bd2f6,4ff5527cd1c7623d209f6febdae5083002e77abf04af24f6f1e844c0481bc093,3d67692071b8fe7f7820520bbfb2a421575fa45ddf2ff3ad67c8180f1fae2217,183.74617499648593,23.584425427457866,0.0,0.0
req_00044,finance_lora,256,256,GPU,759,760,7badc86a5e215feffb090754fed2f2adf3b0aee89017ea288afdebadf58a4003,0eb0431e343ad293f3f338914f12732fdbf0518fe45b9aa569b593d5d2cfd09f,d837ad3ecff9c74a476ec653e8316f7741f2ffb87ed2ea91a0a65641b8b2f8c6,186.79799299570732,23.59841324710835,0.0,0.0
req_00045,ecommerce_lora_0009,81,81,registered_CPU,571,572,7d909f88ed53d92b35fc65d502ec3db8d213c2cec3c220074ea1a92c235864c5,4d005a03641d42a40de41c1fa6fca4eb2ae3d41c64d2ebf713373c025a7473c1,c795639f3f8ac32255b31e65207473926e5614fddf22062f68452b7c094c206d,146.49165401351638,23.185186900082044,0.0,0.0
req_00046,support_lora,256,256,registered_CPU,759,760,51e8d1b07dacc395d23d046399d05e8ee7b277a36c24dc9bd3936dfb87df79c3,b8e34fd5c6db3096544bfe523e88af8904cd6f51e0330cf9d6fbc29b69a46e79,d223c06990559f9f3697ea0011c13620d5b15f2d28cbe8cb94ca7af1776d8d77,181.277487979969,23.579531851083075,0.0,0.0
req_00047,code_lora,256,256,registered_CPU,758,759,c870ab33662242e9280fc97e8cb091b6bc68b9c527dbdf7e85bf5b23ebe7d45f,3d25606cef87148152715c19460005f48b214d05a60161fafa95529fac22fa20,8224edd55f53b269750b2e6c7d0be641de2e5d074d211c0c9c868917df480da2,187.23645800491795,23.58856368627326,0.0,0.0
req_00048,translate_lora,256,256,registered_CPU,759,760,bb57494019b602e54ca3ffe3becf56343464b90543e2767c2944425f73ea3c3a,3cebfd4a9e44df8dc13f53fba932da4edc8fe5d5c6879b63e21f98e291dd0859,2b62500bd8c2e9ee5228462e34393d0b35aeae891d5d8631c333d7f5e7dcd6fa,185.87844600551762,23.58843542352392,0.0,0.0
req_00049,medical_lora_0026,16,16,local_file,141,142,13bd30bb371236ce44fde5e9ad5622cf01a53954c8f1d64151bde878c44f1a9e,4c302876f151c49b1e9dcf8a3a4ff000452d6b7e245cbc7821b30a90e6b1ee26,41e81a00fe37a3232b1a7c687bf799aab5684febb0195f1c1450364dc3cff494,67.3515789967496,22.492812467195716,0.0,0.0
req_00050,medical_lora_0014,86,86,registered_CPU,571,572,7d909f88ed53d92b35fc65d502ec3db8d213c2cec3c220074ea1a92c235864c5,4d005a03641d42a40de41c1fa6fca4eb2ae3d41c64d2ebf713373c025a7473c1,3abb2dd98f10a2b8410034544ebcedb3711307f0337a088995f7872f06c2cfa5,145.2405760064721,23.196191541330123,0.0,0.0
req_00051,translate_lora,152,152,GPU,759,760,988ad95eee03980de9edf07a2b0984cb5d23372c7ea8e5c6602ccc646e52b51c,4be23c4d0376fc8ac124b24ca9d6aa46340c3f7db9934f914b231f31617b6ccc,93ebf30558d6594aa6d287f90a44b1958b9af84bf3da7ef27bb59ce1be38f3f4,187.55113999941386,23.513666682164278,0.0,0.0
req_00052,gaming_lora_0010,256,256,registered_CPU,759,760,3848f505e173a7e4514e3c18af12f5a7d9c50ed2ad45d5030ead1d29a3a18e70,7d3c13b791d1c420eaf20bc54c563741a7e3ee50915c5978e22292c1c65661f3,127d7d76950e65eb7a1103021505a8a3e84acab1f5e85000ace7358080e0a67c,180.36718800431117,23.57900125492711,0.0,0.0
req_00053,support_lora,256,256,registered_CPU,759,760,252960232671535cf32425658fadf392123913ee6628f92985b0501f93e1ce0a,039bcf72147c0c0f0ee9f3c186b3e2ef9a3ea76f1e988c288777bca8247b93f6,717b95322c987d5bf508297da2c84f2704980aa3ade2a4b077c95b0c0191da88,184.58104398450814,23.576701513728967,0.0,0.0
req_00054,code_lora_0039,92,92,local_file,571,572,7d909f88ed53d92b35fc65d502ec3db8d213c2cec3c220074ea1a92c235864c5,4d005a03641d42a40de41c1fa6fca4eb2ae3d41c64d2ebf713373c025a7473c1,0751e2bc4aabd82f8903edaa4fa81a577d5bd33b617cc9ddfd195560f3a53301,146.78153698332608,23.21027652750682,0.0,0.0
req_00055,medical_lora,256,256,registered_CPU,759,760,51e8d1b07dacc395d23d046399d05e8ee7b277a36c24dc9bd3936dfb87df79c3,b8e34fd5c6db3096544bfe523e88af8904cd6f51e0330cf9d6fbc29b69a46e79,d223c06990559f9f3697ea0011c13620d5b15f2d28cbe8cb94ca7af1776d8d77,180.3563480207231,23.596468454856865,0.0,0.0
req_00056,finance_lora,256,256,registered_CPU,759,760,3848f505e173a7e4514e3c18af12f5a7d9c50ed2ad45d5030ead1d29a3a18e70,7d3c13b791d1c420eaf20bc54c563741a7e3ee50915c5978e22292c1c65661f3,ddf847f20f805c4068b2583bcea2958acba7c8bcd05bbc76aaed09ef781be7f6,183.3998459915165,23.587280917711848,0.0,0.0
req_00057,code_lora_0027,198,198,local_file,428,429,20b09930a60dacece59162c0fbb56478c770cf15514099311e90136bac76f958,b19095cf2d600c2110a401c3e11ed127a6047e6a3f45e10e2402d19088f0507c,cce9f01aa3c2d9521ef6574535649729b4513a0a0fdc673a0d69957f77f41ccd,120.59290500474162,23.094537725842315,0.0,0.0
req_00058,gaming_lora_0010,256,256,registered_CPU,759,760,b8f11d32504b794cee34b45082c4725871224f36d69881bed10825a6d8232270,2aa32c2e7372e23ad90597a17c8265a1890e069492246e63a9a2861a707b9241,77a554756ce2eac05298f4ac96e930525359b74b2b3d35af2abbb16e1e047a36,184.74974698619917,23.57754303923096,0.0,0.0
req_00059,finance_lora,45,45,GPU,759,760,44403ae708b0186a09279fca3afdf65f6e27091c10eb37896beaca8e9cf2d984,2d7957a87f0d11e4e026ff51ef149fd493cd306df07bdf62564418908b45d259,94a0ef97cfdd86f6c666b2f0ccd5657975017656ecf2ffa815d11a1161fb8986,184.96692102053203,23.464797613004603,0.0,0.0
req_00060,translate_lora,36,36,registered_CPU,759,760,dc01b2f389a82391dbdb8819b84863224de53093e11bca261a1ae7ecbc075aa1,636f99f73ad1e8a24d5fc9f79d67756338d2a9099010ad359ae5ddff6eff7417,e8d5d94ac3fa18945078dc3edec8b684d5ebba045cbe150d7104db8f331321c3,182.0993459841702,23.436622114552716,0.0,0.0
req_00061,translate_lora,91,91,GPU,571,572,7d909f88ed53d92b35fc65d502ec3db8d213c2cec3c220074ea1a92c235864c5,4d005a03641d42a40de41c1fa6fca4eb2ae3d41c64d2ebf713373c025a7473c1,66f2471560781f296611021f19e725859831e3e78a63bb3e8e423442997c4017,153.7183839827776,23.21092188908046,0.0,0.0
req_00062,medical_lora,9,9,registered_CPU,759,760,5ae79918b5f68ed66cfd564d51b9643c9e35b806aeb5e76baecc769d62c814f1,a01e4b1401c22832e605070ed99b90482a33db91c422543200df3d9922a5b5ea,82fbe0877341866174a3b0559cd4a326473d73723931f79fe830afb50bb3b70b,184.98759900103323,23.259309375134762,0.0,0.0
req_00063,writing_lora_0035,13,13,local_file,759,760,5ae79918b5f68ed66cfd564d51b9643c9e35b806aeb5e76baecc769d62c814f1,a01e4b1401c22832e605070ed99b90482a33db91c422543200df3d9922a5b5ea,2dd030e0b2dc129151bb72a9ca111a7ed43cbad4a15842b22f652730ec751c3b,184.05058499774896,23.351975665718783,0.0,0.0
req_00064,writing_lora_0023,256,256,local_file,759,760,c918cd8f66206535a7339cdeaa55bfcf1f0e5044a7709c15c702478374737b01,c0904d04d1923c5ac655265a6a1deb570e55385f87b202dc94ce46f4f6e4b095,249c310d32bb272d29cf5ba77977488f1da0f316473e5320f47adecc3f1dec86,183.58697200892493,23.582064929331526,0.0,0.0
req_00065,finance_lora,43,43,registered_CPU,484,485,86f8d25c17b8026a9b0dc54a7304ec6ff620386f30c67be6c4e04fc28d926fb1,857abb13f5e476d4feb3052863249a6bc23fbb5ed1a7bbe91308e60662a110bd,04a410eb415ad95305d87d8441061861d8c218ed22eabdea8cab50d34fe909b5,128.16873300471343,23.05467407097153,0.0,0.0
req_00066,medical_lora_0038,192,192,registered_CPU,350,351,fe90595c80a07a8534334257f544abea90827ce426e011e22bb7dbae87bf11aa,b0570c30fe0292bfbc096ebae6c54483ced4da713a5ec4adfc456e67b85c6bfb,a6155d700ad43ed1a26677b487a6aba0aa2c6819e95d8a97f7a0dd90603683de,100.24426397285424,22.994036890178705,0.0,0.0
req_00067,legal_lora,256,256,registered_CPU,759,760,c910816385fd3cc90d370591689634cc437e80d0a9a45a5150a766008b38e968,5e8d5e33f109baf084f8127db7dbdeccce5e4df0f8e77333ca3ad7883f109ccd,a00a9aad882e6d3c22387dcafe7d7fa10d2df7bf54541bb5507cb5ce630d8272,182.89549901965074,23.582162149022242,0.0,0.0
req_00068,legal_lora_0017,256,256,local_file,759,760,b8f11d32504b794cee34b45082c4725871224f36d69881bed10825a6d8232270,2aa32c2e7372e23ad90597a17c8265a1890e069492246e63a9a2861a707b9241,77a554756ce2eac05298f4ac96e930525359b74b2b3d35af2abbb16e1e047a36,184.36274101259187,23.583410494143653,0.0,0.0
req_00069,finance_lora,142,142,GPU,759,760,4f6a3724815a1720780038f6e5285310da15c489e1c557c02ade5f34cb0324e1,60d9c7852c239937e8b820bf63a39cc9b5dabfa49965da28e9525f1c2ee26101,377c520b6052978207d600ae631c3023190043495a035fa209e310884b182ef8,185.93733900343068,23.516335042444528,0.0,0.0
req_00070,education_lora_0007,16,16,registered_CPU,116,117,a3908600738f568a4cdc79e77bdab8933136b4ada7a3c3ef8d9f22e9a2021b10,702c8a7c20a3b697955eb8d57add72b797467e7168d279cc6d9c064d1027a339,79bd47f528322da3888477109ea058d4b5f3037bd2c6330770cf1b1d379baed0,68.88108400744386,22.368487333490823,0.0,0.0
req_00071,code_lora_0027,19,19,registered_CPU,759,760,46a01fe01d6fb0fa504d0df33694e92f2864a55baf1c328bd2f935577982c4bb,8940a22c4467b0d732b124ac8731b2fdc80a10e1d5d7aae4d494522bb7b6c086,6dcf33075388fd4f796b7ee55d45e9a4b7cd302310df36010c1bdec94f479d0d,183.4949709882494,23.358008888964022,0.0,0.0
req_00072,finance_lora,102,102,GPU,571,572,7d909f88ed53d92b35fc65d502ec3db8d213c2cec3c220074ea1a92c235864c5,4d005a03641d42a40de41c1fa6fca4eb2ae3d41c64d2ebf713373c025a7473c1,12187c78fdbf4e915ac9be53f606f013d4dbdc26f98d7aaa65394d7835049d66,151.65716200135648,23.237229643578612,0.0,0.0
req_00073,code_lora_0015,81,81,registered_CPU,759,760,44403ae708b0186a09279fca3afdf65f6e27091c10eb37896beaca8e9cf2d984,2d7957a87f0d11e4e026ff51ef149fd493cd306df07bdf62564418908b45d259,17359b3b224a2e6a3f24bcf05be9db3e89a64c4e1ab259779e307b619092a0b6,181.09964998438954,23.46231821247784,0.0,0.0
req_00074,medical_lora,256,256,registered_CPU,759,760,bb57494019b602e54ca3ffe3becf56343464b90543e2767c2944425f73ea3c3a,3cebfd4a9e44df8dc13f53fba932da4edc8fe5d5c6879b63e21f98e291dd0859,191f72092b57948d0e5c9de1cfe48eb891b062394e9a6228a3650ca98b5ee796,182.68877401715145,23.58018250978442,0.0,0.0
req_00075,gaming_lora_0010,256,256,registered_CPU,758,759,c870ab33662242e9280fc97e8cb091b6bc68b9c527dbdf7e85bf5b23ebe7d45f,3d25606cef87148152715c19460005f48b214d05a60161fafa95529fac22fa20,8224edd55f53b269750b2e6c7d0be641de2e5d074d211c0c9c868917df480da2,185.69358499371447,23.573806772565504,0.0,0.0
req_00076,translate_lora,256,256,registered_CPU,759,760,7badc86a5e215feffb090754fed2f2adf3b0aee89017ea288afdebadf58a4003,0eb0431e343ad293f3f338914f12732fdbf0518fe45b9aa569b593d5d2cfd09f,d837ad3ecff9c74a476ec653e8316f7741f2ffb87ed2ea91a0a65641b8b2f8c6,183.3438629982993,23.57828803531661,0.0,0.0
req_00077,medical_lora,256,256,GPU,759,760,bb57494019b602e54ca3ffe3becf56343464b90543e2767c2944425f73ea3c3a,3cebfd4a9e44df8dc13f53fba932da4edc8fe5d5c6879b63e21f98e291dd0859,191f72092b57948d0e5c9de1cfe48eb891b062394e9a6228a3650ca98b5ee796,188.3133520022966,23.574014976460887,0.0,0.0
req_00078,research_lora_0008,189,189,registered_CPU,558,559,364c3add2a3f48456bfd533d2a6c00675c4cd0eff290f1efdb524e734a048741,3166bdbc8bb1975021d4d0ecdc1300d4987258e6fe15d815fdf7b876286154f8,f03967d20f0c5ffb7d2eb21acaa0691dac972a5591c5854414922fd9fbc0d68c,143.70885997777805,23.266182297950937,0.0,0.0
req_00079,finance_lora,225,225,registered_CPU,759,760,86e8329f310072eb462800f8d0b2537f845226833dd07d1abe7342185ae2fb1c,59ba961bc3ce7049d86e7cc08732b1b8157208395472c201e294b2662713e784,64137b624b52946c68acbaa60686b0a2a6fa27883da4ae3716f918b0de864f05,184.77398800314404,23.56941940174043,0.0,0.0
req_00080,ecommerce_lora_0009,256,256,registered_CPU,759,760,3848f505e173a7e4514e3c18af12f5a7d9c50ed2ad45d5030ead1d29a3a18e70,7d3c13b791d1c420eaf20bc54c563741a7e3ee50915c5978e22292c1c65661f3,127d7d76950e65eb7a1103021505a8a3e84acab1f5e85000ace7358080e0a67c,180.6036889902316,23.580832878474656,0.0,0.0
req_00081,research_lora_0032,92,92,local_file,571,572,7d909f88ed53d92b35fc65d502ec3db8d213c2cec3c220074ea1a92c235864c5,4d005a03641d42a40de41c1fa6fca4eb2ae3d41c64d2ebf713373c025a7473c1,0751e2bc4aabd82f8903edaa4fa81a577d5bd33b617cc9ddfd195560f3a53301,150.65588199649937,23.1982970221357,0.0,0.0
req_00082,finance_lora,24,24,GPU,141,142,13bd30bb371236ce44fde5e9ad5622cf01a53954c8f1d64151bde878c44f1a9e,4c302876f151c49b1e9dcf8a3a4ff000452d6b7e245cbc7821b30a90e6b1ee26,f63c6c82fa3238be5935a3ccbce68666b7b676edc15aecc13d39b8646463ade5,75.57663400075398,22.520172521067053,0.0,0.0
req_00083,writing_lora_0011,152,152,local_file,759,760,82cce201e01f6d4a5bc08b4e18cc279267c85577bc8f11b61edf2c42d6abad3f,b588ac8f1e5773991e56bbfc80940c035e1b27093da1e2d9009c871fb688504b,2c1e9033f2e4f38f9a4574d632b669deae00862ae4b752ed1e6d11cb61b23484,183.72636201092973,23.50165147684354,0.0,0.0
req_00084,finance_lora,46,46,GPU,759,760,44403ae708b0186a09279fca3afdf65f6e27091c10eb37896beaca8e9cf2d984,2d7957a87f0d11e4e026ff51ef149fd493cd306df07bdf62564418908b45d259,3e9cde124fc268fbd2f68b72f0683c93be744cd2b0ecfa7dd12db96f0209a408,178.69603700819425,23.449881755126018,0.0,0.0
req_00085,education_lora_0007,52,52,registered_CPU,571,572,7d909f88ed53d92b35fc65d502ec3db8d213c2cec3c220074ea1a92c235864c5,4d005a03641d42a40de41c1fa6fca4eb2ae3d41c64d2ebf713373c025a7473c1,f76e9a5a36305fe603f7a3ec7631facdfe798fd2eb7550164112fc99596a30e5,145.54256398696452,23.18188203921012,0.0,0.0
req_00086,education_lora_0019,112,112,local_file,515,516,64a28712d27d7dd696cadb8334018e904ae787a23442eb9e65f6cb085b5c1d8d,e13130cca991ce49be955d3a886a579e08903dce0c1aea20f1714fe2a623af77,b21ee44cca2ab4198e4569c277b6d0f2e8947cf91d6862f43dd32bda106cafbf,147.9892479837872,23.15325813518988,0.0,0.0
req_00087,finance_lora,256,256,GPU,759,760,b6eb23847ab0b6651b359a62764a09321b01638c8a4806614ca36e1c97e16084,a2950aa4c3b70a00a3a73103d04ed489cff83dd5b026aa74ed5a6fe25bca49e6,a1786be7c9229e04c8c2ce31aa9d90d70764dacfcd7dca671ff33b8daf0c6106,189.22036100411788,23.577897823484175,0.0,0.0
req_00088,support_lora,16,16,registered_CPU,141,142,13bd30bb371236ce44fde5e9ad5622cf01a53954c8f1d64151bde878c44f1a9e,4c302876f151c49b1e9dcf8a3a4ff000452d6b7e245cbc7821b30a90e6b1ee26,41e81a00fe37a3232b1a7c687bf799aab5684febb0195f1c1450364dc3cff494,68.20873101241887,22.504701932969812,0.0,0.0
req_00089,support_lora,256,256,GPU,759,760,c918cd8f66206535a7339cdeaa55bfcf1f0e5044a7709c15c702478374737b01,c0904d04d1923c5ac655265a6a1deb570e55385f87b202dc94ce46f4f6e4b095,249c310d32bb272d29cf5ba77977488f1da0f316473e5320f47adecc3f1dec86,188.70297700050287,23.57081890587841,0.0,0.0
req_00090,writing_lora_0011,162,162,registered_CPU,758,759,792a0642f74c0e35283dad2b2dbdc2507fcc56c649e88d40179a19371b1a0520,b7025ee17c560bbec4a2f379e8c1aa851137a8e1a1d7eca56d1f203d03ef73dc,75f4a03d0b8e3c5864dc23bbf1b4b2a42b48fe6586354e2754e2dbb365a704c4,186.1397380125709,23.51955207453763,0.0,0.0
req_00091,finance_lora,256,256,GPU,759,760,7badc86a5e215feffb090754fed2f2adf3b0aee89017ea288afdebadf58a4003,0eb0431e343ad293f3f338914f12732fdbf0518fe45b9aa569b593d5d2cfd09f,d837ad3ecff9c74a476ec653e8316f7741f2ffb87ed2ea91a0a65641b8b2f8c6,189.65126198600046,23.58239179604924,0.0,0.0
req_00092,code_lora,193,193,registered_CPU,350,351,fe90595c80a07a8534334257f544abea90827ce426e011e22bb7dbae87bf11aa,b0570c30fe0292bfbc096ebae6c54483ced4da713a5ec4adfc456e67b85c6bfb,72615c40ef0e90145b58046a133731b2771e5841e8f43b4290039458c6e25686,112.24869100260548,22.98811835938371,0.0,0.0
req_00093,medical_lora,256,256,registered_CPU,759,760,3848f505e173a7e4514e3c18af12f5a7d9c50ed2ad45d5030ead1d29a3a18e70,7d3c13b791d1c420eaf20bc54c563741a7e3ee50915c5978e22292c1c65661f3,127d7d76950e65eb7a1103021505a8a3e84acab1f5e85000ace7358080e0a67c,183.7285539950244,23.585655541255083,0.0,0.0
req_00094,support_lora,256,256,registered_CPU,759,760,51e8d1b07dacc395d23d046399d05e8ee7b277a36c24dc9bd3936dfb87df79c3,b8e34fd5c6db3096544bfe523e88af8904cd6f51e0330cf9d6fbc29b69a46e79,d223c06990559f9f3697ea0011c13620d5b15f2d28cbe8cb94ca7af1776d8d77,184.88948300364427,23.579002866708656,0.0,0.0
req_00095,medical_lora,156,156,GPU,759,760,988ad95eee03980de9edf07a2b0984cb5d23372c7ea8e5c6602ccc646e52b51c,4be23c4d0376fc8ac124b24ca9d6aa46340c3f7db9934f914b231f31617b6ccc,97140f61df5b0c134db34f537d9bbd70ca598782a1d34babf9bb4a83054358fc,189.28868099465035,23.52007864523799,0.0,0.0
req_00096,gaming_lora_0034,99,99,local_file,571,572,7d909f88ed53d92b35fc65d502ec3db8d213c2cec3c220074ea1a92c235864c5,4d005a03641d42a40de41c1fa6fca4eb2ae3d41c64d2ebf713373c025a7473c1,a12fb798ff3d5e717977c7fa98e69be2b3408cb15907f14b56be281b773d4a55,146.8238300003577,23.208505357021693,0.0,0.0
req_00097,medical_lora_0026,256,256,registered_CPU,759,760,3848f505e173a7e4514e3c18af12f5a7d9c50ed2ad45d5030ead1d29a3a18e70,7d3c13b791d1c420eaf20bc54c563741a7e3ee50915c5978e22292c1c65661f3,127d7d76950e65eb7a1103021505a8a3e84acab1f5e85000ace7358080e0a67c,184.71552000846714,23.573321392120537,0.0,0.0
req_00098,finance_lora,256,256,registered_CPU,759,760,1336061ea2f9ece1df8b7262050553b699f0ec6708dd42adc23af76b40e86027,eab11b70ac5324fc959b69aefdfe4b6cd6004d27563347302b3d1d4c01389adb,9ccf6ef6b67c3813c6d271b25ac7555fc7c45c89322c548b0fc0f5c44f13d130,183.9490200218279,23.58372335678295,0.0,0.0
req_00099,writing_lora_0023,256,256,registered_CPU,758,759,3333f5114589fd404bbd3cd33c967a30985f17d4d5b9905841841c153569d4ce,479f0c5e40a1f6cb9e98fb02309ce7f8a1c4543417db00b9848e00ebe518e631,87aa8a4fdecaba8110cc6cb08fc387fd96acccb8bd16f5acaf2e3416b7bab773,182.58513999171555,23.565152447040685,0.0,0.0
