metric,unit,d164,d173,lower_better_reduction
mean_ttft,s,4.666023436869538,4.630495996588245,0.007614072402758622
p95_ttft,s,11.31641380029032,11.634821392828599,-0.028136792994447577
p99_ttft,s,16.88060988392681,16.333500033360906,0.032410549993625755
mean_internal_e2e,s,9.854738235189506,9.842068454055566,0.0012856537466108375
mean_dispatch_admission_wait,s,2.850748271638644,2.7980416681767966,0.018488690841703438
mean_service_ttft,s,1.8152751652308943,1.8324543284114478,-0.009463668929976498
mean_native_ttft,ms,429.1698538986093,433.5826776499889,-0.010282231408597823
mean_tpot,ms,44.13484213677548,45.242378824590396,-0.025094384259552068
p95_tpot,ms,81.86510062091395,84.47229513355221,-0.03184744772636611
mean_response_pickup,ms,539.3066548705101,465.20338666439056,0.1374046983045519
physical_gpu_seconds,GPU-s,15929.859233295952,15939.241513568035,-0.0005889744620261277
