snapshot,repeat,decoder,iterations,bytes,mean_decode_ms,exact_tree_and_float_bits
0,0,original,20,1518630,38.985425551072694,True
0,0,candidate,20,1518630,17.00965235067997,True
0,1,candidate,20,1518630,16.63528234930709,True
0,1,original,20,1518630,71.88983735104557,True
0,2,original,20,1518630,34.565065550850704,True
0,2,candidate,20,1518630,9.09173495019786,True
1,0,original,20,2215094,29.932097499840893,True
1,0,candidate,20,2215094,14.180754599510692,True
1,1,candidate,20,2215094,14.091090849251486,True
1,1,original,20,2215094,30.158182699233294,True
1,2,original,20,2215094,55.89449589897413,True
1,2,candidate,20,2215094,16.632136999396607,True
2,0,original,20,3609914,47.433040698524565,True
2,0,candidate,20,3609914,27.30891474930104,True
2,1,candidate,20,3609914,28.74585445097182,True
2,1,original,20,3609914,50.0563140027225,True
2,2,original,20,3609914,77.01220355229452,True
2,2,candidate,20,3609914,27.54505530174356,True
3,0,original,20,4304329,58.74189989990555,True
3,0,candidate,20,4304329,45.68306909932289,True
3,1,candidate,20,4304329,31.537451248732395,True
3,1,original,20,4304329,59.24657869909424,True
3,2,original,20,4304329,60.78219045011792,True
3,2,candidate,20,4304329,59.9969857983524,True
