pid,role,all_samples,request_window_samples,max_sampling_delay_s,missing_main_samples,truncated_main_samples,final_partial_line_bytes
2361577,controller,589,537,0.9295142469927669,0,3,0
2362678,planner,579,542,0.5248540340689942,0,0,0
2363620,frontend,561,545,0.42477291997056454,0,0,0
2364655,gpu_core,554,546,0.3496337839169428,0,0,0
2367724,frontend,539,532,0.40594337799120694,0,0,0
2368025,frontend,542,531,0.492554695927538,0,0,0
2368325,frontend,546,529,0.4815073220524937,0,0,0
2368679,gpu_core,531,525,0.40356851601973176,0,1,0
2369096,gpu_core,533,523,0.31186700391117483,0,1,0
2369310,gpu_core,537,522,0.5458447489654645,0,1,0
