arm,pool,adapter_id,rank,step,pinned_allocated_bytes,pinned_active_bytes,pinned_cached_bytes,num_host_alloc,num_host_free
default,llama32_3b_a500_v1_modelscope,code_lora,8,before,0,0,0,0,0
default,llama32_3b_a500_v1_modelscope,code_lora,8,load_first,11927552,11927552,0,224,0
default,llama32_3b_a500_v1_modelscope,code_lora,8,load_overlap,23855104,23855104,0,448,0
default,llama32_3b_a500_v1_modelscope,code_lora,8,remove_first,23855104,11927552,11927552,448,0
default,llama32_3b_a500_v1_modelscope,code_lora,8,reload_first,23855104,23855104,0,448,0
default,llama32_3b_a500_v1_modelscope,code_lora,8,remove_all,23855104,0,23855104,448,0
default,llama32_3b_a500_v1_modelscope,code_lora_0015,16,before,23855104,0,23855104,448,0
default,llama32_3b_a500_v1_modelscope,code_lora_0015,16,load_first,47710208,23855104,23855104,672,0
default,llama32_3b_a500_v1_modelscope,code_lora_0015,16,load_overlap,71565312,47710208,23855104,896,0
default,llama32_3b_a500_v1_modelscope,code_lora_0015,16,remove_first,71565312,23855104,47710208,896,0
default,llama32_3b_a500_v1_modelscope,code_lora_0015,16,reload_first,71565312,47710208,23855104,896,0
default,llama32_3b_a500_v1_modelscope,code_lora_0015,16,remove_all,71565312,0,71565312,896,0
default,llama2_7b_a500_v2_publicmix,code_lora,8,before,71565312,0,71565312,896,0
default,llama2_7b_a500_v2_publicmix,code_lora,8,load_first,71565312,16777216,54788096,896,0
default,llama2_7b_a500_v2_publicmix,code_lora,8,load_overlap,83099648,33554432,49545216,1072,0
default,llama2_7b_a500_v2_publicmix,code_lora,8,remove_first,83099648,16777216,66322432,1072,0
default,llama2_7b_a500_v2_publicmix,code_lora,8,reload_first,83099648,33554432,49545216,1072,0
default,llama2_7b_a500_v2_publicmix,code_lora,8,remove_all,83099648,0,83099648,1072,0
default,llama2_7b_a500_v2_publicmix,finance_lora,8,before,83099648,0,83099648,1072,0
default,llama2_7b_a500_v2_publicmix,finance_lora,8,load_first,83099648,16777216,66322432,1072,0
default,llama2_7b_a500_v2_publicmix,finance_lora,8,load_overlap,83099648,33554432,49545216,1072,0
default,llama2_7b_a500_v2_publicmix,finance_lora,8,remove_first,83099648,16777216,66322432,1072,0
default,llama2_7b_a500_v2_publicmix,finance_lora,8,reload_first,83099648,33554432,49545216,1072,0
default,llama2_7b_a500_v2_publicmix,finance_lora,8,remove_all,83099648,0,83099648,1072,0
default,llama2_7b_a500_v2_publicmix,medical_lora,8,before,83099648,0,83099648,1072,0
default,llama2_7b_a500_v2_publicmix,medical_lora,8,load_first,83099648,16777216,66322432,1072,0
default,llama2_7b_a500_v2_publicmix,medical_lora,8,load_overlap,83099648,33554432,49545216,1072,0
default,llama2_7b_a500_v2_publicmix,medical_lora,8,remove_first,83099648,16777216,66322432,1072,0
default,llama2_7b_a500_v2_publicmix,medical_lora,8,reload_first,83099648,33554432,49545216,1072,0
default,llama2_7b_a500_v2_publicmix,medical_lora,8,remove_all,83099648,0,83099648,1072,0
default,llama2_7b_a500_v2_publicmix,code_lora_0015,16,before,83099648,0,83099648,1072,0
default,llama2_7b_a500_v2_publicmix,code_lora_0015,16,load_first,83099648,33554432,49545216,1072,0
default,llama2_7b_a500_v2_publicmix,code_lora_0015,16,load_overlap,106168320,67108864,39059456,1248,0
default,llama2_7b_a500_v2_publicmix,code_lora_0015,16,remove_first,106168320,33554432,72613888,1248,0
default,llama2_7b_a500_v2_publicmix,code_lora_0015,16,reload_first,106168320,67108864,39059456,1248,0
default,llama2_7b_a500_v2_publicmix,code_lora_0015,16,remove_all,106168320,0,106168320,1248,0
uncached,llama32_3b_a500_v1_modelscope,code_lora,8,before,0,0,0,0,0
uncached,llama32_3b_a500_v1_modelscope,code_lora,8,load_first,9175040,9175040,0,224,0
uncached,llama32_3b_a500_v1_modelscope,code_lora,8,load_overlap,18350080,18350080,0,448,0
uncached,llama32_3b_a500_v1_modelscope,code_lora,8,remove_first,9175040,9175040,0,448,224
uncached,llama32_3b_a500_v1_modelscope,code_lora,8,reload_first,18350080,18350080,0,672,224
uncached,llama32_3b_a500_v1_modelscope,code_lora,8,remove_all,0,0,0,672,672
uncached,llama32_3b_a500_v1_modelscope,code_lora_0015,16,before,0,0,0,672,672
uncached,llama32_3b_a500_v1_modelscope,code_lora_0015,16,load_first,18350080,18350080,0,896,672
uncached,llama32_3b_a500_v1_modelscope,code_lora_0015,16,load_overlap,36700160,36700160,0,1120,672
uncached,llama32_3b_a500_v1_modelscope,code_lora_0015,16,remove_first,18350080,18350080,0,1120,896
uncached,llama32_3b_a500_v1_modelscope,code_lora_0015,16,reload_first,36700160,36700160,0,1344,896
uncached,llama32_3b_a500_v1_modelscope,code_lora_0015,16,remove_all,0,0,0,1344,1344
uncached,llama2_7b_a500_v2_publicmix,code_lora,8,before,0,0,0,1344,1344
uncached,llama2_7b_a500_v2_publicmix,code_lora,8,load_first,16777216,16777216,0,1600,1344
uncached,llama2_7b_a500_v2_publicmix,code_lora,8,load_overlap,33554432,33554432,0,1856,1344
uncached,llama2_7b_a500_v2_publicmix,code_lora,8,remove_first,16777216,16777216,0,1856,1600
uncached,llama2_7b_a500_v2_publicmix,code_lora,8,reload_first,33554432,33554432,0,2112,1600
uncached,llama2_7b_a500_v2_publicmix,code_lora,8,remove_all,0,0,0,2112,2112
uncached,llama2_7b_a500_v2_publicmix,finance_lora,8,before,0,0,0,2112,2112
uncached,llama2_7b_a500_v2_publicmix,finance_lora,8,load_first,16777216,16777216,0,2368,2112
uncached,llama2_7b_a500_v2_publicmix,finance_lora,8,load_overlap,33554432,33554432,0,2624,2112
uncached,llama2_7b_a500_v2_publicmix,finance_lora,8,remove_first,16777216,16777216,0,2624,2368
uncached,llama2_7b_a500_v2_publicmix,finance_lora,8,reload_first,33554432,33554432,0,2880,2368
uncached,llama2_7b_a500_v2_publicmix,finance_lora,8,remove_all,0,0,0,2880,2880
uncached,llama2_7b_a500_v2_publicmix,medical_lora,8,before,0,0,0,2880,2880
uncached,llama2_7b_a500_v2_publicmix,medical_lora,8,load_first,16777216,16777216,0,3136,2880
uncached,llama2_7b_a500_v2_publicmix,medical_lora,8,load_overlap,33554432,33554432,0,3392,2880
uncached,llama2_7b_a500_v2_publicmix,medical_lora,8,remove_first,16777216,16777216,0,3392,3136
uncached,llama2_7b_a500_v2_publicmix,medical_lora,8,reload_first,33554432,33554432,0,3648,3136
uncached,llama2_7b_a500_v2_publicmix,medical_lora,8,remove_all,0,0,0,3648,3648
uncached,llama2_7b_a500_v2_publicmix,code_lora_0015,16,before,0,0,0,3648,3648
uncached,llama2_7b_a500_v2_publicmix,code_lora_0015,16,load_first,33554432,33554432,0,3904,3648
uncached,llama2_7b_a500_v2_publicmix,code_lora_0015,16,load_overlap,67108864,67108864,0,4160,3648
uncached,llama2_7b_a500_v2_publicmix,code_lora_0015,16,remove_first,33554432,33554432,0,4160,3904
uncached,llama2_7b_a500_v2_publicmix,code_lora_0015,16,reload_first,67108864,67108864,0,4416,3904
uncached,llama2_7b_a500_v2_publicmix,code_lora_0015,16,remove_all,0,0,0,4416,4416
