pool,adapter,rank,arm,step,accounted_tensor_bytes,reachable_tensor_bytes,active_pinned_bytes,allocated_pinned_bytes,num_host_alloc,num_host_free
llama32_3b_a500_v1_modelscope,code_lora,8,native_copy_,before_load,0,0,0,0,0,0
llama32_3b_a500_v1_modelscope,code_lora,8,native_copy_,loaded_host_held,9175040,9175040,9175040,9175040,224,0
llama32_3b_a500_v1_modelscope,code_lora,8,native_copy_,after_setter_host_held,9175040,9175040,9175040,9175040,224,0
llama32_3b_a500_v1_modelscope,code_lora,8,native_copy_,after_fence_host_held,9175040,9175040,9175040,9175040,224,0
llama32_3b_a500_v1_modelscope,code_lora,8,native_copy_,removed_after_fence,0,0,0,0,224,224
llama32_3b_a500_v1_modelscope,code_lora,8,native_copy_,removed_after_second_fence,0,0,0,0,224,224
llama32_3b_a500_v1_modelscope,code_lora,8,native_copy_,next_checkpoint_loaded_no_copy,9175040,9175040,9175040,9175040,448,224
llama32_3b_a500_v1_modelscope,code_lora,8,native_copy_,next_checkpoint_removed_no_copy,0,0,0,0,448,448
llama32_3b_a500_v1_modelscope,code_lora,8,pitched_native_setter,before_load,0,0,0,0,448,448
llama32_3b_a500_v1_modelscope,code_lora,8,pitched_native_setter,loaded_host_held,9175040,9175040,9175040,9175040,672,448
llama32_3b_a500_v1_modelscope,code_lora,8,pitched_native_setter,after_setter_host_held,9175040,9175040,9175040,9175040,672,448
llama32_3b_a500_v1_modelscope,code_lora,8,pitched_native_setter,after_fence_host_held,9175040,9175040,9175040,9175040,672,448
llama32_3b_a500_v1_modelscope,code_lora,8,pitched_native_setter,removed_after_fence,0,0,0,0,672,672
llama32_3b_a500_v1_modelscope,code_lora,8,pitched_native_setter,removed_after_second_fence,0,0,0,0,672,672
llama32_3b_a500_v1_modelscope,code_lora,8,pitched_native_setter,next_checkpoint_loaded_no_copy,9175040,9175040,9175040,9175040,896,672
llama32_3b_a500_v1_modelscope,code_lora,8,pitched_native_setter,next_checkpoint_removed_no_copy,0,0,0,0,896,896
llama32_3b_a500_v1_modelscope,code_lora_0015,16,native_copy_,before_load,0,0,0,0,896,896
llama32_3b_a500_v1_modelscope,code_lora_0015,16,native_copy_,loaded_host_held,18350080,18350080,18350080,18350080,1120,896
llama32_3b_a500_v1_modelscope,code_lora_0015,16,native_copy_,after_setter_host_held,18350080,18350080,18350080,18350080,1120,896
llama32_3b_a500_v1_modelscope,code_lora_0015,16,native_copy_,after_fence_host_held,18350080,18350080,18350080,18350080,1120,896
llama32_3b_a500_v1_modelscope,code_lora_0015,16,native_copy_,removed_after_fence,0,0,0,0,1120,1120
llama32_3b_a500_v1_modelscope,code_lora_0015,16,native_copy_,removed_after_second_fence,0,0,0,0,1120,1120
llama32_3b_a500_v1_modelscope,code_lora_0015,16,native_copy_,next_checkpoint_loaded_no_copy,18350080,18350080,18350080,18350080,1344,1120
llama32_3b_a500_v1_modelscope,code_lora_0015,16,native_copy_,next_checkpoint_removed_no_copy,0,0,0,0,1344,1344
llama32_3b_a500_v1_modelscope,code_lora_0015,16,pitched_native_setter,before_load,0,0,0,0,1344,1344
llama32_3b_a500_v1_modelscope,code_lora_0015,16,pitched_native_setter,loaded_host_held,18350080,18350080,18350080,18350080,1568,1344
llama32_3b_a500_v1_modelscope,code_lora_0015,16,pitched_native_setter,after_setter_host_held,18350080,18350080,18350080,18350080,1568,1344
llama32_3b_a500_v1_modelscope,code_lora_0015,16,pitched_native_setter,after_fence_host_held,18350080,18350080,18350080,18350080,1568,1344
llama32_3b_a500_v1_modelscope,code_lora_0015,16,pitched_native_setter,removed_after_fence,0,0,0,0,1568,1568
llama32_3b_a500_v1_modelscope,code_lora_0015,16,pitched_native_setter,removed_after_second_fence,0,0,0,0,1568,1568
llama32_3b_a500_v1_modelscope,code_lora_0015,16,pitched_native_setter,next_checkpoint_loaded_no_copy,18350080,18350080,18350080,18350080,1792,1568
llama32_3b_a500_v1_modelscope,code_lora_0015,16,pitched_native_setter,next_checkpoint_removed_no_copy,0,0,0,0,1792,1792
llama2_7b_a500_v2_publicmix,code_lora,8,native_copy_,before_load,0,0,0,0,1792,1792
llama2_7b_a500_v2_publicmix,code_lora,8,native_copy_,loaded_host_held,16777216,16777216,16777216,16777216,2048,1792
llama2_7b_a500_v2_publicmix,code_lora,8,native_copy_,after_setter_host_held,16777216,16777216,16777216,16777216,2048,1792
llama2_7b_a500_v2_publicmix,code_lora,8,native_copy_,after_fence_host_held,16777216,16777216,16777216,16777216,2048,1792
llama2_7b_a500_v2_publicmix,code_lora,8,native_copy_,removed_after_fence,0,0,0,0,2048,2048
llama2_7b_a500_v2_publicmix,code_lora,8,native_copy_,removed_after_second_fence,0,0,0,0,2048,2048
llama2_7b_a500_v2_publicmix,code_lora,8,native_copy_,next_checkpoint_loaded_no_copy,16777216,16777216,16777216,16777216,2304,2048
llama2_7b_a500_v2_publicmix,code_lora,8,native_copy_,next_checkpoint_removed_no_copy,0,0,0,0,2304,2304
llama2_7b_a500_v2_publicmix,code_lora,8,pitched_native_setter,before_load,0,0,0,0,2304,2304
llama2_7b_a500_v2_publicmix,code_lora,8,pitched_native_setter,loaded_host_held,16777216,16777216,16777216,16777216,2560,2304
llama2_7b_a500_v2_publicmix,code_lora,8,pitched_native_setter,after_setter_host_held,16777216,16777216,16777216,16777216,2560,2304
llama2_7b_a500_v2_publicmix,code_lora,8,pitched_native_setter,after_fence_host_held,16777216,16777216,16777216,16777216,2560,2304
llama2_7b_a500_v2_publicmix,code_lora,8,pitched_native_setter,removed_after_fence,0,0,0,0,2560,2560
llama2_7b_a500_v2_publicmix,code_lora,8,pitched_native_setter,removed_after_second_fence,0,0,0,0,2560,2560
llama2_7b_a500_v2_publicmix,code_lora,8,pitched_native_setter,next_checkpoint_loaded_no_copy,16777216,16777216,16777216,16777216,2816,2560
llama2_7b_a500_v2_publicmix,code_lora,8,pitched_native_setter,next_checkpoint_removed_no_copy,0,0,0,0,2816,2816
llama2_7b_a500_v2_publicmix,finance_lora,8,native_copy_,before_load,0,0,0,0,2816,2816
llama2_7b_a500_v2_publicmix,finance_lora,8,native_copy_,loaded_host_held,16777216,16777216,16777216,16777216,3072,2816
llama2_7b_a500_v2_publicmix,finance_lora,8,native_copy_,after_setter_host_held,16777216,16777216,16777216,16777216,3072,2816
llama2_7b_a500_v2_publicmix,finance_lora,8,native_copy_,after_fence_host_held,16777216,16777216,16777216,16777216,3072,2816
llama2_7b_a500_v2_publicmix,finance_lora,8,native_copy_,removed_after_fence,0,0,0,0,3072,3072
llama2_7b_a500_v2_publicmix,finance_lora,8,native_copy_,removed_after_second_fence,0,0,0,0,3072,3072
llama2_7b_a500_v2_publicmix,finance_lora,8,native_copy_,next_checkpoint_loaded_no_copy,16777216,16777216,16777216,16777216,3328,3072
llama2_7b_a500_v2_publicmix,finance_lora,8,native_copy_,next_checkpoint_removed_no_copy,0,0,0,0,3328,3328
llama2_7b_a500_v2_publicmix,finance_lora,8,pitched_native_setter,before_load,0,0,0,0,3328,3328
llama2_7b_a500_v2_publicmix,finance_lora,8,pitched_native_setter,loaded_host_held,16777216,16777216,16777216,16777216,3584,3328
llama2_7b_a500_v2_publicmix,finance_lora,8,pitched_native_setter,after_setter_host_held,16777216,16777216,16777216,16777216,3584,3328
llama2_7b_a500_v2_publicmix,finance_lora,8,pitched_native_setter,after_fence_host_held,16777216,16777216,16777216,16777216,3584,3328
llama2_7b_a500_v2_publicmix,finance_lora,8,pitched_native_setter,removed_after_fence,0,0,0,0,3584,3584
llama2_7b_a500_v2_publicmix,finance_lora,8,pitched_native_setter,removed_after_second_fence,0,0,0,0,3584,3584
llama2_7b_a500_v2_publicmix,finance_lora,8,pitched_native_setter,next_checkpoint_loaded_no_copy,16777216,16777216,16777216,16777216,3840,3584
llama2_7b_a500_v2_publicmix,finance_lora,8,pitched_native_setter,next_checkpoint_removed_no_copy,0,0,0,0,3840,3840
llama2_7b_a500_v2_publicmix,medical_lora,8,native_copy_,before_load,0,0,0,0,3840,3840
llama2_7b_a500_v2_publicmix,medical_lora,8,native_copy_,loaded_host_held,16777216,16777216,16777216,16777216,4096,3840
llama2_7b_a500_v2_publicmix,medical_lora,8,native_copy_,after_setter_host_held,16777216,16777216,16777216,16777216,4096,3840
llama2_7b_a500_v2_publicmix,medical_lora,8,native_copy_,after_fence_host_held,16777216,16777216,16777216,16777216,4096,3840
llama2_7b_a500_v2_publicmix,medical_lora,8,native_copy_,removed_after_fence,0,0,0,0,4096,4096
llama2_7b_a500_v2_publicmix,medical_lora,8,native_copy_,removed_after_second_fence,0,0,0,0,4096,4096
llama2_7b_a500_v2_publicmix,medical_lora,8,native_copy_,next_checkpoint_loaded_no_copy,16777216,16777216,16777216,16777216,4352,4096
llama2_7b_a500_v2_publicmix,medical_lora,8,native_copy_,next_checkpoint_removed_no_copy,0,0,0,0,4352,4352
llama2_7b_a500_v2_publicmix,medical_lora,8,pitched_native_setter,before_load,0,0,0,0,4352,4352
llama2_7b_a500_v2_publicmix,medical_lora,8,pitched_native_setter,loaded_host_held,16777216,16777216,16777216,16777216,4608,4352
llama2_7b_a500_v2_publicmix,medical_lora,8,pitched_native_setter,after_setter_host_held,16777216,16777216,16777216,16777216,4608,4352
llama2_7b_a500_v2_publicmix,medical_lora,8,pitched_native_setter,after_fence_host_held,16777216,16777216,16777216,16777216,4608,4352
llama2_7b_a500_v2_publicmix,medical_lora,8,pitched_native_setter,removed_after_fence,0,0,0,0,4608,4608
llama2_7b_a500_v2_publicmix,medical_lora,8,pitched_native_setter,removed_after_second_fence,0,0,0,0,4608,4608
llama2_7b_a500_v2_publicmix,medical_lora,8,pitched_native_setter,next_checkpoint_loaded_no_copy,16777216,16777216,16777216,16777216,4864,4608
llama2_7b_a500_v2_publicmix,medical_lora,8,pitched_native_setter,next_checkpoint_removed_no_copy,0,0,0,0,4864,4864
llama2_7b_a500_v2_publicmix,code_lora_0015,16,native_copy_,before_load,0,0,0,0,4864,4864
llama2_7b_a500_v2_publicmix,code_lora_0015,16,native_copy_,loaded_host_held,33554432,33554432,33554432,33554432,5120,4864
llama2_7b_a500_v2_publicmix,code_lora_0015,16,native_copy_,after_setter_host_held,33554432,33554432,33554432,33554432,5120,4864
llama2_7b_a500_v2_publicmix,code_lora_0015,16,native_copy_,after_fence_host_held,33554432,33554432,33554432,33554432,5120,4864
llama2_7b_a500_v2_publicmix,code_lora_0015,16,native_copy_,removed_after_fence,0,0,0,0,5120,5120
llama2_7b_a500_v2_publicmix,code_lora_0015,16,native_copy_,removed_after_second_fence,0,0,0,0,5120,5120
llama2_7b_a500_v2_publicmix,code_lora_0015,16,native_copy_,next_checkpoint_loaded_no_copy,33554432,33554432,33554432,33554432,5376,5120
llama2_7b_a500_v2_publicmix,code_lora_0015,16,native_copy_,next_checkpoint_removed_no_copy,0,0,0,0,5376,5376
llama2_7b_a500_v2_publicmix,code_lora_0015,16,pitched_native_setter,before_load,0,0,0,0,5376,5376
llama2_7b_a500_v2_publicmix,code_lora_0015,16,pitched_native_setter,loaded_host_held,33554432,33554432,33554432,33554432,5632,5376
llama2_7b_a500_v2_publicmix,code_lora_0015,16,pitched_native_setter,after_setter_host_held,33554432,33554432,33554432,33554432,5632,5376
llama2_7b_a500_v2_publicmix,code_lora_0015,16,pitched_native_setter,after_fence_host_held,33554432,33554432,33554432,33554432,5632,5376
llama2_7b_a500_v2_publicmix,code_lora_0015,16,pitched_native_setter,removed_after_fence,0,0,0,0,5632,5632
llama2_7b_a500_v2_publicmix,code_lora_0015,16,pitched_native_setter,removed_after_second_fence,0,0,0,0,5632,5632
llama2_7b_a500_v2_publicmix,code_lora_0015,16,pitched_native_setter,next_checkpoint_loaded_no_copy,33554432,33554432,33554432,33554432,5888,5632
llama2_7b_a500_v2_publicmix,code_lora_0015,16,pitched_native_setter,next_checkpoint_removed_no_copy,0,0,0,0,5888,5888
