request_id,source,adapter_id,rank,admitted_after_accept,target_tokens,actual_tokens,D_ms,T_ms,O_ms,TPOT_ms,pass_contract
source-profile/w0/l0,remote,finance_lora,8,1,152,152,703.6788189998333,390.83142599884013,2552.842897001028,16.906244351000186,True
source-profile/w0/l1,remote,code_lora_0015,16,2,256,256,746.7236009997578,456.29750800071633,3929.3430950001493,15.409188607843722,True
source-profile/w1/l0,nvme,finance_lora,8,1,152,152,45.47597400051018,149.3110629999137,2536.3860849993216,16.79725884105511,True
source-profile/w1/l1,nvme,code_lora_0015,16,2,256,256,110.90374500054168,137.56820399976277,3921.27332400014,15.377542447059373,True
source-profile/w2/l0,file_host,finance_lora,8,1,152,152,46.24165700079175,159.79083999991417,2521.6723249995994,16.69981672185165,True
source-profile/w2/l1,file_host,code_lora_0015,16,2,256,256,121.98724200061406,135.4914160001499,3910.7725659996504,15.336363003920198,True
source-profile/w3/l0,native_host,finance_lora,8,1,152,152,59.96169400168583,166.9386649991793,2569.4268850002118,17.016072086094116,True
source-profile/w3/l1,native_host,code_lora_0015,16,2,256,256,109.06671799966716,162.67663100006757,3919.666388001133,15.371240737259345,True
source-profile/w4/l0,gpu,finance_lora,8,1,152,152,0.0,123.65987399971345,2544.5468529997015,16.85130366224968,True
source-profile/w4/l1,gpu,code_lora_0015,16,2,256,256,0.0,127.11690300056944,3937.47165700006,15.441065321568862,True
