request_id,adapter_id,phase,slot,rank,compared_tensors,failed_tensors,passed
req_00000,finance_lora,before,0,8,452,0,True
req_00000,finance_lora,after,0,8,452,0,True
req_00001,finance_lora,before,0,8,452,0,True
req_00001,finance_lora,after,0,8,452,0,True
req_00002,writing_lora_0011,before,1,8,452,0,True
req_00002,writing_lora_0011,after,1,8,452,0,True
req_00003,finance_lora,before,0,8,452,0,True
req_00003,finance_lora,after,0,8,452,0,True
req_00004,finance_lora,before,0,8,452,0,True
req_00004,finance_lora,after,0,8,452,0,True
req_00005,legal_lora,before,2,8,452,0,True
req_00005,legal_lora,after,2,8,452,0,True
req_00006,finance_lora,before,0,8,452,0,True
req_00006,finance_lora,after,0,8,452,0,True
req_00007,translate_lora,before,3,8,452,0,True
req_00007,translate_lora,after,3,8,452,0,True
req_00008,research_lora_0008,before,1,8,452,0,True
req_00008,research_lora_0008,after,1,8,452,0,True
req_00009,finance_lora,before,0,8,452,0,True
req_00009,finance_lora,after,0,8,452,0,True
req_00010,finance_lora_0013,before,2,8,452,0,True
req_00010,finance_lora_0013,after,2,8,452,0,True
req_00011,finance_lora,before,0,8,452,0,True
req_00011,finance_lora,after,0,8,452,0,True
req_00012,code_lora,before,3,8,452,0,True
req_00012,code_lora,after,3,8,452,0,True
req_00013,finance_lora,before,0,8,452,0,True
req_00013,finance_lora,after,0,8,452,0,True
req_00014,research_lora_0008,before,1,8,452,0,True
req_00014,research_lora_0008,after,1,8,452,0,True
req_00015,code_lora_0015,before,2,16,452,0,True
req_00015,code_lora_0015,after,2,16,452,0,True
req_00016,education_lora_0043,before,3,8,452,0,True
req_00016,education_lora_0043,after,3,8,452,0,True
req_00017,education_lora_0007,before,0,16,452,0,True
req_00017,education_lora_0007,after,0,16,452,0,True
req_00018,ecommerce_lora_0009,before,1,8,452,0,True
req_00018,ecommerce_lora_0009,after,1,8,452,0,True
req_00019,education_lora_0007,before,0,16,452,0,True
req_00019,education_lora_0007,after,0,16,452,0,True
req_00020,finance_lora,before,2,8,452,0,True
req_00020,finance_lora,after,2,8,452,0,True
req_00021,medical_lora,before,3,8,452,0,True
req_00021,medical_lora,after,3,8,452,0,True
